--
-- PostgreSQL database dump
--

\restrict rub2sfUZrqELawhNGEZy1cjkNsJK75IWivFjhYg6ZNgfsqdjqRDHDaODsRT10Ix

-- Dumped from database version 18.0
-- Dumped by pg_dump version 18.0

SET statement_timeout = 0;
SET lock_timeout = 0;
SET idle_in_transaction_session_timeout = 0;
SET transaction_timeout = 0;
SET client_encoding = 'UTF8';
SET standard_conforming_strings = on;
SELECT pg_catalog.set_config('search_path', '', false);
SET check_function_bodies = false;
SET xmloption = content;
SET client_min_messages = warning;
SET row_security = off;

SET default_tablespace = '';

SET default_table_access_method = heap;

--
-- Name: banks; Type: TABLE; Schema: public; Owner: postgres
--

CREATE TABLE public.banks (
    id bigint NOT NULL,
    name character varying(255) NOT NULL,
    website character varying(255)
);


ALTER TABLE public.banks OWNER TO postgres;

--
-- Name: banks_id_seq; Type: SEQUENCE; Schema: public; Owner: postgres
--

ALTER TABLE public.banks ALTER COLUMN id ADD GENERATED BY DEFAULT AS IDENTITY (
    SEQUENCE NAME public.banks_id_seq
    START WITH 1
    INCREMENT BY 1
    NO MINVALUE
    NO MAXVALUE
    CACHE 1
);


--
-- Name: mortgage_rates; Type: TABLE; Schema: public; Owner: postgres
--

CREATE TABLE public.mortgage_rates (
    id bigint NOT NULL,
    effective_date date NOT NULL,
    last_changed_date date,
    rate_change numeric(4,2),
    rate_percent numeric(4,2) NOT NULL,
    rate_type character varying(255) NOT NULL,
    reported_month bytea,
    term character varying(255) NOT NULL,
    bank_id bigint NOT NULL,
    CONSTRAINT mortgage_rates_rate_type_check CHECK (((rate_type)::text = ANY ((ARRAY['LISTRATE'::character varying, 'AVERAGERATE'::character varying])::text[]))),
    CONSTRAINT mortgage_rates_term_check CHECK (((term)::text = ANY ((ARRAY['VARIABLE_3M'::character varying, 'FIXED_1Y'::character varying, 'FIXED_2Y'::character varying, 'FIXED_3Y'::character varying, 'FIXED_4Y'::character varying, 'FIXED_5Y'::character varying, 'FIXED_6Y'::character varying, 'FIXED_7Y'::character varying, 'FIXED_8Y'::character varying, 'FIXED_9Y'::character varying, 'FIXED_10Y'::character varying])::text[])))
);


ALTER TABLE public.mortgage_rates OWNER TO postgres;

--
-- Name: mortgage_rates_id_seq; Type: SEQUENCE; Schema: public; Owner: postgres
--

ALTER TABLE public.mortgage_rates ALTER COLUMN id ADD GENERATED BY DEFAULT AS IDENTITY (
    SEQUENCE NAME public.mortgage_rates_id_seq
    START WITH 1
    INCREMENT BY 1
    NO MINVALUE
    NO MAXVALUE
    CACHE 1
);


--
-- Name: rate_update_log; Type: TABLE; Schema: public; Owner: postgres
--

CREATE TABLE public.rate_update_log (
    id bigint NOT NULL,
    duration_ms bigint NOT NULL,
    error_message character varying(1000),
    imported_count integer NOT NULL,
    occurred_at timestamp(6) without time zone NOT NULL,
    source_name character varying(255) NOT NULL,
    success boolean NOT NULL,
    bank_id bigint
);


ALTER TABLE public.rate_update_log OWNER TO postgres;

--
-- Name: rate_update_log_id_seq; Type: SEQUENCE; Schema: public; Owner: postgres
--

ALTER TABLE public.rate_update_log ALTER COLUMN id ADD GENERATED BY DEFAULT AS IDENTITY (
    SEQUENCE NAME public.rate_update_log_id_seq
    START WITH 1
    INCREMENT BY 1
    NO MINVALUE
    NO MAXVALUE
    CACHE 1
);


--
-- Data for Name: banks; Type: TABLE DATA; Schema: public; Owner: postgres
--

COPY public.banks (id, name, website) FROM stdin;
1	Swedbank	https://www.swedbank.se/privat/boende-och-bolan/bolanerantor
2	Nordea	https://www.nordea.se/privat/produkter/bolan/bolanerantor
3	Handelsbanken	https://www.handelsbanken.se/sv/privat/bolan/bolanerantor
4	SEB	https://seb.se/privat/bolan/bolanerantor
5	SBAB	https://www.sbab.se/1/privat/vara_rantor
6	ICA Banken	https://www.icabanken.se/lana/bolan/bolanerantor/
7	Länsförsäkringar Bank	https://www.lansforsakringar.se/norrbotten/privat/bank/bolan/bolaneranta
8	Danske Bank	https://danskebank.se/privat/produkter/bolan/relaterat/aktuella-bolanerantor
9	Skandiabanken	https://www.skandia.se/lana/bolan/bolanerantor/
10	Landshypotek Bank	https://www.landshypotek.se/lana/bolanerantor/
11	Ålandsbanken	https://www.alandsbanken.se/banktjanster/lana-pengar/bolan
12	Ikano Bank	https://ikanobank.se/bolan/bolanerantor
\.


--
-- Data for Name: mortgage_rates; Type: TABLE DATA; Schema: public; Owner: postgres
--

COPY public.mortgage_rates (id, effective_date, last_changed_date, rate_change, rate_percent, rate_type, reported_month, term, bank_id) FROM stdin;
2174	2025-09-01	\N	\N	2.84	AVERAGERATE	\N	VARIABLE_3M	6
2175	2025-09-01	\N	\N	2.97	AVERAGERATE	\N	FIXED_1Y	6
2176	2025-09-01	\N	\N	2.94	AVERAGERATE	\N	FIXED_2Y	6
2177	2025-08-01	\N	\N	2.95	AVERAGERATE	\N	VARIABLE_3M	6
2178	2025-08-01	\N	\N	2.95	AVERAGERATE	\N	FIXED_1Y	6
2179	2025-08-01	\N	\N	2.97	AVERAGERATE	\N	FIXED_2Y	6
2180	2025-08-01	\N	\N	3.25	AVERAGERATE	\N	FIXED_3Y	6
2181	2025-07-01	\N	\N	2.92	AVERAGERATE	\N	VARIABLE_3M	6
2182	2025-07-01	\N	\N	3.00	AVERAGERATE	\N	FIXED_1Y	6
2183	2025-07-01	\N	\N	2.94	AVERAGERATE	\N	FIXED_2Y	6
2184	2025-07-01	\N	\N	3.15	AVERAGERATE	\N	FIXED_3Y	6
2185	2025-06-01	\N	\N	2.98	AVERAGERATE	\N	VARIABLE_3M	6
2186	2025-06-01	\N	\N	3.08	AVERAGERATE	\N	FIXED_1Y	6
2187	2025-06-01	\N	\N	3.22	AVERAGERATE	\N	FIXED_2Y	6
2188	2025-06-01	\N	\N	3.17	AVERAGERATE	\N	FIXED_3Y	6
2189	2025-05-01	\N	\N	3.07	AVERAGERATE	\N	VARIABLE_3M	6
2190	2025-05-01	\N	\N	3.02	AVERAGERATE	\N	FIXED_1Y	6
2191	2025-05-01	\N	\N	3.04	AVERAGERATE	\N	FIXED_2Y	6
2192	2025-05-01	\N	\N	3.32	AVERAGERATE	\N	FIXED_3Y	6
2193	2025-04-01	\N	\N	3.10	AVERAGERATE	\N	VARIABLE_3M	6
2194	2025-04-01	\N	\N	3.24	AVERAGERATE	\N	FIXED_1Y	6
2195	2025-04-01	\N	\N	3.34	AVERAGERATE	\N	FIXED_2Y	6
2196	2025-04-01	\N	\N	3.39	AVERAGERATE	\N	FIXED_3Y	6
2197	2025-04-01	\N	\N	3.75	AVERAGERATE	\N	FIXED_5Y	6
2198	2025-03-01	\N	\N	3.22	AVERAGERATE	\N	VARIABLE_3M	6
2199	2025-03-01	\N	\N	3.29	AVERAGERATE	\N	FIXED_1Y	6
2200	2025-03-01	\N	\N	3.26	AVERAGERATE	\N	FIXED_2Y	6
2201	2025-03-01	\N	\N	3.26	AVERAGERATE	\N	FIXED_3Y	6
2202	2025-03-01	\N	\N	3.54	AVERAGERATE	\N	FIXED_4Y	6
2203	2025-02-01	\N	\N	3.23	AVERAGERATE	\N	VARIABLE_3M	6
2204	2025-02-01	\N	\N	3.10	AVERAGERATE	\N	FIXED_1Y	6
2205	2025-02-01	\N	\N	3.04	AVERAGERATE	\N	FIXED_2Y	6
2206	2025-02-01	\N	\N	3.15	AVERAGERATE	\N	FIXED_3Y	6
2207	2025-01-01	\N	\N	3.36	AVERAGERATE	\N	VARIABLE_3M	6
2208	2025-01-01	\N	\N	3.04	AVERAGERATE	\N	FIXED_1Y	6
2209	2025-01-01	\N	\N	3.14	AVERAGERATE	\N	FIXED_2Y	6
2210	2025-01-01	\N	\N	3.26	AVERAGERATE	\N	FIXED_3Y	6
2211	2024-12-01	\N	\N	3.50	AVERAGERATE	\N	VARIABLE_3M	6
2212	2024-12-01	\N	\N	2.89	AVERAGERATE	\N	FIXED_1Y	6
2213	2024-12-01	\N	\N	2.82	AVERAGERATE	\N	FIXED_2Y	6
2214	2024-12-01	\N	\N	2.83	AVERAGERATE	\N	FIXED_3Y	6
2215	2024-11-01	\N	\N	3.63	AVERAGERATE	\N	VARIABLE_3M	6
2216	2024-11-01	\N	\N	3.09	AVERAGERATE	\N	FIXED_1Y	6
2217	2024-11-01	\N	\N	3.20	AVERAGERATE	\N	FIXED_2Y	6
2218	2024-11-01	\N	\N	2.97	AVERAGERATE	\N	FIXED_3Y	6
2219	2024-10-01	\N	\N	3.94	AVERAGERATE	\N	VARIABLE_3M	6
2220	2024-10-01	\N	\N	3.41	AVERAGERATE	\N	FIXED_1Y	6
2221	2024-10-01	\N	\N	3.57	AVERAGERATE	\N	FIXED_2Y	6
2222	2024-10-01	\N	\N	3.39	AVERAGERATE	\N	FIXED_3Y	6
2223	2024-10-01	\N	\N	3.85	AVERAGERATE	\N	FIXED_5Y	6
2224	2024-11-01	\N	\N	3.61	AVERAGERATE	\N	VARIABLE_3M	12
2225	2024-11-01	\N	\N	3.08	AVERAGERATE	\N	FIXED_1Y	12
2226	2024-11-01	\N	\N	2.92	AVERAGERATE	\N	FIXED_2Y	12
2227	2024-11-01	\N	\N	2.94	AVERAGERATE	\N	FIXED_3Y	12
2228	2024-12-01	\N	\N	3.51	AVERAGERATE	\N	VARIABLE_3M	12
2229	2024-12-01	\N	\N	2.81	AVERAGERATE	\N	FIXED_1Y	12
2230	2024-12-01	\N	\N	2.77	AVERAGERATE	\N	FIXED_2Y	12
2231	2024-12-01	\N	\N	2.85	AVERAGERATE	\N	FIXED_3Y	12
2232	2024-12-01	\N	\N	2.82	AVERAGERATE	\N	FIXED_4Y	12
2233	2025-01-01	\N	\N	3.36	AVERAGERATE	\N	VARIABLE_3M	12
2234	2025-01-01	\N	\N	3.05	AVERAGERATE	\N	FIXED_1Y	12
2235	2025-01-01	\N	\N	3.04	AVERAGERATE	\N	FIXED_2Y	12
2236	2025-01-01	\N	\N	3.12	AVERAGERATE	\N	FIXED_3Y	12
2237	2025-01-01	\N	\N	3.35	AVERAGERATE	\N	FIXED_5Y	12
2238	2025-02-01	\N	\N	3.14	AVERAGERATE	\N	VARIABLE_3M	12
2239	2025-02-01	\N	\N	3.00	AVERAGERATE	\N	FIXED_1Y	12
2240	2025-02-01	\N	\N	3.04	AVERAGERATE	\N	FIXED_2Y	12
2241	2025-02-01	\N	\N	3.05	AVERAGERATE	\N	FIXED_3Y	12
2242	2025-02-01	\N	\N	3.67	AVERAGERATE	\N	FIXED_5Y	12
2243	2025-03-01	\N	\N	3.15	AVERAGERATE	\N	VARIABLE_3M	12
2244	2025-03-01	\N	\N	3.16	AVERAGERATE	\N	FIXED_1Y	12
2245	2025-03-01	\N	\N	3.15	AVERAGERATE	\N	FIXED_2Y	12
2246	2025-03-01	\N	\N	3.09	AVERAGERATE	\N	FIXED_3Y	12
2247	2025-04-01	\N	\N	3.16	AVERAGERATE	\N	VARIABLE_3M	12
2248	2025-04-01	\N	\N	3.21	AVERAGERATE	\N	FIXED_1Y	12
2249	2025-04-01	\N	\N	3.09	AVERAGERATE	\N	FIXED_2Y	12
2250	2025-04-01	\N	\N	3.27	AVERAGERATE	\N	FIXED_3Y	12
2251	2025-05-01	\N	\N	3.17	AVERAGERATE	\N	VARIABLE_3M	12
2252	2025-05-01	\N	\N	3.06	AVERAGERATE	\N	FIXED_1Y	12
2253	2025-05-01	\N	\N	3.04	AVERAGERATE	\N	FIXED_2Y	12
2254	2025-05-01	\N	\N	3.20	AVERAGERATE	\N	FIXED_3Y	12
2255	2025-05-01	\N	\N	3.12	AVERAGERATE	\N	FIXED_4Y	12
2256	2025-06-01	\N	\N	3.13	AVERAGERATE	\N	VARIABLE_3M	12
2257	2025-06-01	\N	\N	2.92	AVERAGERATE	\N	FIXED_1Y	12
2258	2025-06-01	\N	\N	3.04	AVERAGERATE	\N	FIXED_2Y	12
2259	2025-06-01	\N	\N	3.32	AVERAGERATE	\N	FIXED_3Y	12
2260	2025-06-01	\N	\N	3.61	AVERAGERATE	\N	FIXED_5Y	12
2261	2025-06-01	\N	\N	3.75	AVERAGERATE	\N	FIXED_7Y	12
2262	2025-07-01	\N	\N	3.02	AVERAGERATE	\N	VARIABLE_3M	12
2263	2025-07-01	\N	\N	2.77	AVERAGERATE	\N	FIXED_1Y	12
2264	2025-07-01	\N	\N	2.89	AVERAGERATE	\N	FIXED_2Y	12
2265	2025-07-01	\N	\N	2.95	AVERAGERATE	\N	FIXED_3Y	12
2266	2025-08-01	\N	\N	3.06	AVERAGERATE	\N	VARIABLE_3M	12
2267	2025-08-01	\N	\N	2.90	AVERAGERATE	\N	FIXED_1Y	12
2268	2025-08-01	\N	\N	2.94	AVERAGERATE	\N	FIXED_2Y	12
2269	2025-08-01	\N	\N	3.27	AVERAGERATE	\N	FIXED_3Y	12
2270	2025-09-01	\N	\N	2.93	AVERAGERATE	\N	VARIABLE_3M	12
2271	2025-09-01	\N	\N	2.82	AVERAGERATE	\N	FIXED_1Y	12
2272	2025-09-01	\N	\N	3.12	AVERAGERATE	\N	FIXED_3Y	12
2273	2025-10-01	\N	\N	2.84	AVERAGERATE	\N	VARIABLE_3M	12
2274	2025-10-01	\N	\N	2.64	AVERAGERATE	\N	FIXED_1Y	12
2275	2025-10-01	\N	\N	3.00	AVERAGERATE	\N	FIXED_2Y	12
2276	2025-09-01	\N	\N	2.75	AVERAGERATE	\N	VARIABLE_3M	10
2277	2025-09-01	\N	\N	2.71	AVERAGERATE	\N	FIXED_1Y	10
2278	2025-09-01	\N	\N	2.84	AVERAGERATE	\N	FIXED_2Y	10
2279	2025-09-01	\N	\N	2.91	AVERAGERATE	\N	FIXED_3Y	10
2280	2025-09-01	\N	\N	2.98	AVERAGERATE	\N	FIXED_4Y	10
2281	2025-09-01	\N	\N	3.13	AVERAGERATE	\N	FIXED_5Y	10
2282	2025-08-01	\N	\N	2.76	AVERAGERATE	\N	VARIABLE_3M	10
2283	2025-08-01	\N	\N	2.70	AVERAGERATE	\N	FIXED_1Y	10
2284	2025-08-01	\N	\N	2.83	AVERAGERATE	\N	FIXED_2Y	10
2285	2025-08-01	\N	\N	2.91	AVERAGERATE	\N	FIXED_3Y	10
2286	2025-08-01	\N	\N	3.16	AVERAGERATE	\N	FIXED_5Y	10
2287	2025-07-01	\N	\N	2.76	AVERAGERATE	\N	VARIABLE_3M	10
2288	2025-07-01	\N	\N	2.72	AVERAGERATE	\N	FIXED_1Y	10
2289	2025-07-01	\N	\N	2.83	AVERAGERATE	\N	FIXED_2Y	10
2290	2025-07-01	\N	\N	2.92	AVERAGERATE	\N	FIXED_3Y	10
2291	2025-06-01	\N	\N	2.84	AVERAGERATE	\N	VARIABLE_3M	10
2292	2025-06-01	\N	\N	2.90	AVERAGERATE	\N	FIXED_1Y	10
2293	2025-06-01	\N	\N	2.97	AVERAGERATE	\N	FIXED_2Y	10
2294	2025-06-01	\N	\N	3.06	AVERAGERATE	\N	FIXED_3Y	10
2295	2025-05-01	\N	\N	2.98	AVERAGERATE	\N	VARIABLE_3M	10
2296	2025-05-01	\N	\N	2.95	AVERAGERATE	\N	FIXED_1Y	10
2297	2025-05-01	\N	\N	2.97	AVERAGERATE	\N	FIXED_2Y	10
2298	2025-05-01	\N	\N	3.14	AVERAGERATE	\N	FIXED_3Y	10
2299	2025-05-01	\N	\N	3.37	AVERAGERATE	\N	FIXED_5Y	10
2300	2025-04-01	\N	\N	3.05	AVERAGERATE	\N	VARIABLE_3M	10
2301	2025-04-01	\N	\N	3.05	AVERAGERATE	\N	FIXED_1Y	10
2302	2025-04-01	\N	\N	3.24	AVERAGERATE	\N	FIXED_2Y	10
2303	2025-04-01	\N	\N	3.32	AVERAGERATE	\N	FIXED_3Y	10
2304	2025-04-01	\N	\N	3.37	AVERAGERATE	\N	FIXED_4Y	10
2305	2025-04-01	\N	\N	3.45	AVERAGERATE	\N	FIXED_5Y	10
2306	2025-03-01	\N	\N	3.01	AVERAGERATE	\N	VARIABLE_3M	10
2307	2025-03-01	\N	\N	3.07	AVERAGERATE	\N	FIXED_1Y	10
2308	2025-03-01	\N	\N	3.11	AVERAGERATE	\N	FIXED_2Y	10
2309	2025-03-01	\N	\N	3.28	AVERAGERATE	\N	FIXED_3Y	10
2310	2025-03-01	\N	\N	3.24	AVERAGERATE	\N	FIXED_4Y	10
2311	2025-03-01	\N	\N	3.32	AVERAGERATE	\N	FIXED_5Y	10
2312	2025-02-01	\N	\N	3.00	AVERAGERATE	\N	VARIABLE_3M	10
2313	2025-02-01	\N	\N	2.97	AVERAGERATE	\N	FIXED_1Y	10
2314	2025-02-01	\N	\N	2.96	AVERAGERATE	\N	FIXED_2Y	10
2315	2025-02-01	\N	\N	3.08	AVERAGERATE	\N	FIXED_3Y	10
2316	2025-02-01	\N	\N	3.12	AVERAGERATE	\N	FIXED_4Y	10
2317	2025-02-01	\N	\N	3.17	AVERAGERATE	\N	FIXED_5Y	10
2318	2025-01-01	\N	\N	3.17	AVERAGERATE	\N	VARIABLE_3M	10
2319	2025-01-01	\N	\N	3.16	AVERAGERATE	\N	FIXED_1Y	10
2320	2025-01-01	\N	\N	3.13	AVERAGERATE	\N	FIXED_2Y	10
2321	2025-01-01	\N	\N	3.24	AVERAGERATE	\N	FIXED_3Y	10
2322	2025-01-01	\N	\N	3.34	AVERAGERATE	\N	FIXED_4Y	10
2323	2025-01-01	\N	\N	3.35	AVERAGERATE	\N	FIXED_5Y	10
2324	2024-12-01	\N	\N	3.20	AVERAGERATE	\N	VARIABLE_3M	10
2325	2024-12-01	\N	\N	2.99	AVERAGERATE	\N	FIXED_1Y	10
2326	2024-12-01	\N	\N	2.88	AVERAGERATE	\N	FIXED_2Y	10
2327	2024-12-01	\N	\N	2.85	AVERAGERATE	\N	FIXED_3Y	10
2328	2024-12-01	\N	\N	3.08	AVERAGERATE	\N	FIXED_4Y	10
2329	2024-12-01	\N	\N	2.94	AVERAGERATE	\N	FIXED_5Y	10
2330	2024-11-01	\N	\N	3.34	AVERAGERATE	\N	VARIABLE_3M	10
2331	2024-11-01	\N	\N	3.11	AVERAGERATE	\N	FIXED_1Y	10
2332	2024-11-01	\N	\N	2.96	AVERAGERATE	\N	FIXED_2Y	10
2333	2024-11-01	\N	\N	2.96	AVERAGERATE	\N	FIXED_3Y	10
2334	2024-11-01	\N	\N	3.00	AVERAGERATE	\N	FIXED_4Y	10
2335	2024-11-01	\N	\N	3.05	AVERAGERATE	\N	FIXED_5Y	10
2336	2024-10-01	\N	\N	3.78	AVERAGERATE	\N	VARIABLE_3M	10
2337	2024-10-01	\N	\N	3.31	AVERAGERATE	\N	FIXED_1Y	10
2338	2024-10-01	\N	\N	2.97	AVERAGERATE	\N	FIXED_2Y	10
2339	2024-10-01	\N	\N	2.97	AVERAGERATE	\N	FIXED_3Y	10
2340	2024-10-01	\N	\N	3.01	AVERAGERATE	\N	FIXED_4Y	10
2341	2024-10-01	\N	\N	3.01	AVERAGERATE	\N	FIXED_5Y	10
2342	2025-09-30	\N	\N	2.84	AVERAGERATE	\N	VARIABLE_3M	7
2343	2025-09-30	\N	\N	2.70	AVERAGERATE	\N	FIXED_1Y	7
2344	2025-09-30	\N	\N	3.07	AVERAGERATE	\N	FIXED_2Y	7
2345	2025-09-30	\N	\N	3.14	AVERAGERATE	\N	FIXED_3Y	7
2346	2025-09-30	\N	\N	3.31	AVERAGERATE	\N	FIXED_4Y	7
2347	2025-09-30	\N	\N	3.43	AVERAGERATE	\N	FIXED_5Y	7
2348	2025-08-31	\N	\N	2.87	AVERAGERATE	\N	VARIABLE_3M	7
2349	2025-08-31	\N	\N	2.68	AVERAGERATE	\N	FIXED_1Y	7
2350	2025-08-31	\N	\N	3.07	AVERAGERATE	\N	FIXED_2Y	7
2351	2025-08-31	\N	\N	3.10	AVERAGERATE	\N	FIXED_3Y	7
2352	2025-08-31	\N	\N	3.22	AVERAGERATE	\N	FIXED_4Y	7
2353	2025-08-31	\N	\N	3.42	AVERAGERATE	\N	FIXED_5Y	7
2354	2025-08-31	\N	\N	3.90	AVERAGERATE	\N	FIXED_10Y	7
2355	2025-07-31	\N	\N	2.83	AVERAGERATE	\N	VARIABLE_3M	7
2356	2025-07-31	\N	\N	2.70	AVERAGERATE	\N	FIXED_1Y	7
2357	2025-07-31	\N	\N	3.03	AVERAGERATE	\N	FIXED_2Y	7
2358	2025-07-31	\N	\N	3.10	AVERAGERATE	\N	FIXED_3Y	7
2359	2025-07-31	\N	\N	3.22	AVERAGERATE	\N	FIXED_4Y	7
2360	2025-07-31	\N	\N	3.36	AVERAGERATE	\N	FIXED_5Y	7
2361	2025-06-30	\N	\N	3.04	AVERAGERATE	\N	VARIABLE_3M	7
2362	2025-06-30	\N	\N	2.85	AVERAGERATE	\N	FIXED_1Y	7
2363	2025-06-30	\N	\N	3.18	AVERAGERATE	\N	FIXED_2Y	7
2364	2025-06-30	\N	\N	3.27	AVERAGERATE	\N	FIXED_3Y	7
2365	2025-06-30	\N	\N	3.33	AVERAGERATE	\N	FIXED_4Y	7
2366	2025-06-30	\N	\N	3.47	AVERAGERATE	\N	FIXED_5Y	7
2367	2025-05-31	\N	\N	3.08	AVERAGERATE	\N	VARIABLE_3M	7
2368	2025-05-31	\N	\N	2.91	AVERAGERATE	\N	FIXED_1Y	7
2369	2025-05-31	\N	\N	3.25	AVERAGERATE	\N	FIXED_2Y	7
2370	2025-05-31	\N	\N	3.29	AVERAGERATE	\N	FIXED_3Y	7
2371	2025-05-31	\N	\N	3.36	AVERAGERATE	\N	FIXED_4Y	7
2372	2025-05-31	\N	\N	3.50	AVERAGERATE	\N	FIXED_5Y	7
2373	2025-04-30	\N	\N	3.08	AVERAGERATE	\N	VARIABLE_3M	7
2374	2025-04-30	\N	\N	2.97	AVERAGERATE	\N	FIXED_1Y	7
2375	2025-04-30	\N	\N	3.36	AVERAGERATE	\N	FIXED_2Y	7
2376	2025-04-30	\N	\N	3.41	AVERAGERATE	\N	FIXED_3Y	7
2377	2025-04-30	\N	\N	3.53	AVERAGERATE	\N	FIXED_4Y	7
2378	2025-04-30	\N	\N	3.62	AVERAGERATE	\N	FIXED_5Y	7
2379	2025-04-30	\N	\N	3.73	AVERAGERATE	\N	FIXED_7Y	7
2380	2025-04-30	\N	\N	4.14	AVERAGERATE	\N	FIXED_10Y	7
2381	2025-03-31	\N	\N	3.06	AVERAGERATE	\N	VARIABLE_3M	7
2382	2025-03-31	\N	\N	3.00	AVERAGERATE	\N	FIXED_1Y	7
2383	2025-03-31	\N	\N	3.40	AVERAGERATE	\N	FIXED_2Y	7
2384	2025-03-31	\N	\N	3.44	AVERAGERATE	\N	FIXED_3Y	7
2385	2025-03-31	\N	\N	3.38	AVERAGERATE	\N	FIXED_4Y	7
2083	2025-09-01	\N	\N	2.84	AVERAGERATE	\N	VARIABLE_3M	5
2084	2025-09-01	\N	\N	2.85	AVERAGERATE	\N	FIXED_1Y	5
2085	2025-09-01	\N	\N	2.95	AVERAGERATE	\N	FIXED_2Y	5
2086	2025-09-01	\N	\N	3.01	AVERAGERATE	\N	FIXED_3Y	5
2087	2025-09-01	\N	\N	3.04	AVERAGERATE	\N	FIXED_4Y	5
2088	2025-09-01	\N	\N	3.23	AVERAGERATE	\N	FIXED_5Y	5
2089	2025-09-01	\N	\N	3.80	AVERAGERATE	\N	FIXED_10Y	5
2090	2025-08-01	\N	\N	2.86	AVERAGERATE	\N	VARIABLE_3M	5
2091	2025-08-01	\N	\N	2.83	AVERAGERATE	\N	FIXED_1Y	5
2092	2025-08-01	\N	\N	2.93	AVERAGERATE	\N	FIXED_2Y	5
2093	2025-08-01	\N	\N	2.98	AVERAGERATE	\N	FIXED_3Y	5
2094	2025-08-01	\N	\N	3.08	AVERAGERATE	\N	FIXED_4Y	5
2095	2025-08-01	\N	\N	3.26	AVERAGERATE	\N	FIXED_5Y	5
2096	2025-08-01	\N	\N	3.92	AVERAGERATE	\N	FIXED_10Y	5
2097	2025-07-01	\N	\N	2.85	AVERAGERATE	\N	VARIABLE_3M	5
2098	2025-07-01	\N	\N	2.83	AVERAGERATE	\N	FIXED_1Y	5
2099	2025-07-01	\N	\N	2.92	AVERAGERATE	\N	FIXED_2Y	5
2100	2025-07-01	\N	\N	3.01	AVERAGERATE	\N	FIXED_3Y	5
2101	2025-07-01	\N	\N	3.06	AVERAGERATE	\N	FIXED_4Y	5
2102	2025-07-01	\N	\N	3.25	AVERAGERATE	\N	FIXED_5Y	5
2103	2025-06-01	\N	\N	3.02	AVERAGERATE	\N	VARIABLE_3M	5
2104	2025-06-01	\N	\N	3.03	AVERAGERATE	\N	FIXED_1Y	5
2105	2025-06-01	\N	\N	3.05	AVERAGERATE	\N	FIXED_2Y	5
2106	2025-06-01	\N	\N	3.16	AVERAGERATE	\N	FIXED_3Y	5
2107	2025-06-01	\N	\N	3.23	AVERAGERATE	\N	FIXED_4Y	5
2108	2025-06-01	\N	\N	3.38	AVERAGERATE	\N	FIXED_5Y	5
2109	2025-06-01	\N	\N	3.47	AVERAGERATE	\N	FIXED_7Y	5
2110	2025-05-01	\N	\N	3.67	AVERAGERATE	\N	FIXED_10Y	5
2111	2025-05-01	\N	\N	3.10	AVERAGERATE	\N	VARIABLE_3M	5
2112	2025-05-01	\N	\N	3.09	AVERAGERATE	\N	FIXED_1Y	5
2113	2025-05-01	\N	\N	3.01	AVERAGERATE	\N	FIXED_2Y	5
2114	2025-05-01	\N	\N	3.12	AVERAGERATE	\N	FIXED_3Y	5
2115	2025-05-01	\N	\N	3.25	AVERAGERATE	\N	FIXED_4Y	5
2116	2025-05-01	\N	\N	3.37	AVERAGERATE	\N	FIXED_5Y	5
2117	2025-05-01	\N	\N	3.67	AVERAGERATE	\N	FIXED_10Y	5
2118	2025-04-01	\N	\N	3.17	AVERAGERATE	\N	VARIABLE_3M	5
2119	2025-04-01	\N	\N	3.31	AVERAGERATE	\N	FIXED_1Y	5
2120	2025-04-01	\N	\N	3.33	AVERAGERATE	\N	FIXED_2Y	5
2121	2025-04-01	\N	\N	3.43	AVERAGERATE	\N	FIXED_3Y	5
2122	2025-04-01	\N	\N	3.57	AVERAGERATE	\N	FIXED_4Y	5
2123	2025-04-01	\N	\N	3.61	AVERAGERATE	\N	FIXED_5Y	5
2124	2025-04-01	\N	\N	3.70	AVERAGERATE	\N	FIXED_7Y	5
2125	2025-04-01	\N	\N	3.97	AVERAGERATE	\N	FIXED_10Y	5
2126	2025-03-01	\N	\N	3.15	AVERAGERATE	\N	VARIABLE_3M	5
2127	2025-03-01	\N	\N	3.22	AVERAGERATE	\N	FIXED_1Y	5
2128	2025-03-01	\N	\N	3.23	AVERAGERATE	\N	FIXED_2Y	5
2129	2025-03-01	\N	\N	3.30	AVERAGERATE	\N	FIXED_3Y	5
2130	2025-03-01	\N	\N	3.39	AVERAGERATE	\N	FIXED_4Y	5
2131	2025-03-01	\N	\N	3.46	AVERAGERATE	\N	FIXED_5Y	5
2132	2025-03-01	\N	\N	3.61	AVERAGERATE	\N	FIXED_7Y	5
2133	2025-03-01	\N	\N	3.70	AVERAGERATE	\N	FIXED_10Y	5
2134	2025-02-01	\N	\N	3.11	AVERAGERATE	\N	VARIABLE_3M	5
2135	2025-02-01	\N	\N	3.24	AVERAGERATE	\N	FIXED_1Y	5
2136	2025-02-01	\N	\N	3.16	AVERAGERATE	\N	FIXED_2Y	5
2137	2025-02-01	\N	\N	3.22	AVERAGERATE	\N	FIXED_3Y	5
2138	2025-02-01	\N	\N	3.31	AVERAGERATE	\N	FIXED_4Y	5
2139	2025-02-01	\N	\N	3.37	AVERAGERATE	\N	FIXED_5Y	5
2140	2025-02-01	\N	\N	3.41	AVERAGERATE	\N	FIXED_7Y	5
2141	2025-02-01	\N	\N	3.62	AVERAGERATE	\N	FIXED_10Y	5
2142	2025-01-01	\N	\N	3.28	AVERAGERATE	\N	VARIABLE_3M	5
2143	2025-01-01	\N	\N	3.20	AVERAGERATE	\N	FIXED_1Y	5
2144	2025-01-01	\N	\N	3.16	AVERAGERATE	\N	FIXED_2Y	5
2145	2025-01-01	\N	\N	3.20	AVERAGERATE	\N	FIXED_3Y	5
2146	2025-01-01	\N	\N	3.24	AVERAGERATE	\N	FIXED_4Y	5
2147	2025-01-01	\N	\N	3.27	AVERAGERATE	\N	FIXED_5Y	5
2148	2025-01-01	\N	\N	3.45	AVERAGERATE	\N	FIXED_7Y	5
2149	2025-01-01	\N	\N	3.49	AVERAGERATE	\N	FIXED_10Y	5
2150	2024-12-01	\N	\N	3.46	AVERAGERATE	\N	VARIABLE_3M	5
2151	2024-12-01	\N	\N	3.17	AVERAGERATE	\N	FIXED_1Y	5
2152	2024-12-01	\N	\N	3.09	AVERAGERATE	\N	FIXED_2Y	5
2153	2024-12-01	\N	\N	3.12	AVERAGERATE	\N	FIXED_3Y	5
2154	2024-12-01	\N	\N	3.06	AVERAGERATE	\N	FIXED_4Y	5
2155	2024-12-01	\N	\N	3.18	AVERAGERATE	\N	FIXED_5Y	5
2156	2024-12-01	\N	\N	3.24	AVERAGERATE	\N	FIXED_7Y	5
2157	2024-12-01	\N	\N	3.37	AVERAGERATE	\N	FIXED_10Y	5
2158	2024-11-01	\N	\N	3.60	AVERAGERATE	\N	VARIABLE_3M	5
2159	2024-11-01	\N	\N	3.31	AVERAGERATE	\N	FIXED_1Y	5
2160	2024-11-01	\N	\N	3.08	AVERAGERATE	\N	FIXED_2Y	5
2161	2024-11-01	\N	\N	3.09	AVERAGERATE	\N	FIXED_3Y	5
2162	2024-11-01	\N	\N	3.10	AVERAGERATE	\N	FIXED_4Y	5
2163	2024-11-01	\N	\N	3.16	AVERAGERATE	\N	FIXED_5Y	5
2164	2024-11-01	\N	\N	3.25	AVERAGERATE	\N	FIXED_7Y	5
2165	2024-11-01	\N	\N	3.48	AVERAGERATE	\N	FIXED_10Y	5
2166	2024-10-01	\N	\N	4.00	AVERAGERATE	\N	VARIABLE_3M	5
2167	2024-10-01	\N	\N	3.51	AVERAGERATE	\N	FIXED_1Y	5
2168	2024-10-01	\N	\N	3.15	AVERAGERATE	\N	FIXED_2Y	5
2169	2024-10-01	\N	\N	3.09	AVERAGERATE	\N	FIXED_3Y	5
2170	2024-10-01	\N	\N	3.13	AVERAGERATE	\N	FIXED_4Y	5
2171	2024-10-01	\N	\N	3.15	AVERAGERATE	\N	FIXED_5Y	5
2172	2024-10-01	\N	\N	3.18	AVERAGERATE	\N	FIXED_7Y	5
2173	2024-10-01	\N	\N	3.37	AVERAGERATE	\N	FIXED_10Y	5
2386	2025-03-31	\N	\N	3.58	AVERAGERATE	\N	FIXED_5Y	7
2387	2025-03-31	\N	\N	3.61	AVERAGERATE	\N	FIXED_7Y	7
2388	2025-03-31	\N	\N	3.91	AVERAGERATE	\N	FIXED_10Y	7
2389	2025-02-28	\N	\N	3.03	AVERAGERATE	\N	VARIABLE_3M	7
2390	2025-02-28	\N	\N	2.94	AVERAGERATE	\N	FIXED_1Y	7
2391	2025-02-28	\N	\N	3.24	AVERAGERATE	\N	FIXED_2Y	7
2392	2025-02-28	\N	\N	3.28	AVERAGERATE	\N	FIXED_3Y	7
2393	2025-02-28	\N	\N	3.29	AVERAGERATE	\N	FIXED_4Y	7
2394	2025-02-28	\N	\N	3.40	AVERAGERATE	\N	FIXED_5Y	7
2395	2025-02-28	\N	\N	3.59	AVERAGERATE	\N	FIXED_7Y	7
2396	2025-02-28	\N	\N	3.81	AVERAGERATE	\N	FIXED_10Y	7
2397	2025-01-31	\N	\N	3.24	AVERAGERATE	\N	VARIABLE_3M	7
2398	2025-01-31	\N	\N	3.01	AVERAGERATE	\N	FIXED_1Y	7
2399	2025-01-31	\N	\N	3.30	AVERAGERATE	\N	FIXED_2Y	7
2400	2025-01-31	\N	\N	3.35	AVERAGERATE	\N	FIXED_3Y	7
2401	2025-01-31	\N	\N	3.42	AVERAGERATE	\N	FIXED_4Y	7
2402	2025-01-31	\N	\N	3.41	AVERAGERATE	\N	FIXED_5Y	7
2403	2025-01-31	\N	\N	3.74	AVERAGERATE	\N	FIXED_7Y	7
2404	2025-01-31	\N	\N	3.85	AVERAGERATE	\N	FIXED_10Y	7
2405	2024-12-31	\N	\N	3.44	AVERAGERATE	\N	VARIABLE_3M	7
2406	2024-12-31	\N	\N	3.01	AVERAGERATE	\N	FIXED_1Y	7
2407	2024-12-31	\N	\N	3.13	AVERAGERATE	\N	FIXED_2Y	7
2408	2024-12-31	\N	\N	3.15	AVERAGERATE	\N	FIXED_3Y	7
2409	2024-12-31	\N	\N	3.26	AVERAGERATE	\N	FIXED_4Y	7
2410	2024-12-31	\N	\N	3.33	AVERAGERATE	\N	FIXED_5Y	7
2411	2024-12-31	\N	\N	3.75	AVERAGERATE	\N	FIXED_7Y	7
2412	2024-11-30	\N	\N	3.66	AVERAGERATE	\N	VARIABLE_3M	7
2413	2024-11-30	\N	\N	3.03	AVERAGERATE	\N	FIXED_1Y	7
2414	2024-11-30	\N	\N	3.19	AVERAGERATE	\N	FIXED_2Y	7
2415	2024-11-30	\N	\N	3.28	AVERAGERATE	\N	FIXED_3Y	7
2416	2024-11-30	\N	\N	3.24	AVERAGERATE	\N	FIXED_4Y	7
2417	2024-11-30	\N	\N	3.30	AVERAGERATE	\N	FIXED_5Y	7
2418	2024-10-31	\N	\N	3.97	AVERAGERATE	\N	VARIABLE_3M	7
2419	2024-10-31	\N	\N	3.16	AVERAGERATE	\N	FIXED_1Y	7
2420	2024-10-31	\N	\N	3.08	AVERAGERATE	\N	FIXED_2Y	7
2421	2024-10-31	\N	\N	3.21	AVERAGERATE	\N	FIXED_3Y	7
2422	2024-10-31	\N	\N	3.08	AVERAGERATE	\N	FIXED_4Y	7
2423	2024-10-31	\N	\N	3.28	AVERAGERATE	\N	FIXED_5Y	7
2424	2024-10-31	\N	\N	3.69	AVERAGERATE	\N	FIXED_7Y	7
2425	2025-10-01	\N	\N	2.68	AVERAGERATE	\N	VARIABLE_3M	2
2426	2025-10-01	\N	\N	2.95	AVERAGERATE	\N	FIXED_1Y	2
2427	2025-10-01	\N	\N	2.93	AVERAGERATE	\N	FIXED_2Y	2
2428	2025-10-01	\N	\N	3.01	AVERAGERATE	\N	FIXED_3Y	2
2429	2025-10-01	\N	\N	3.14	AVERAGERATE	\N	FIXED_4Y	2
2430	2025-10-01	\N	\N	3.26	AVERAGERATE	\N	FIXED_5Y	2
2431	2025-10-01	\N	\N	3.46	AVERAGERATE	\N	FIXED_8Y	2
2432	2025-09-01	\N	\N	2.81	AVERAGERATE	\N	VARIABLE_3M	2
2433	2025-09-01	\N	\N	2.97	AVERAGERATE	\N	FIXED_1Y	2
2434	2025-09-01	\N	\N	2.93	AVERAGERATE	\N	FIXED_2Y	2
2435	2025-09-01	\N	\N	3.02	AVERAGERATE	\N	FIXED_3Y	2
2436	2025-09-01	\N	\N	3.14	AVERAGERATE	\N	FIXED_4Y	2
2437	2025-09-01	\N	\N	3.21	AVERAGERATE	\N	FIXED_5Y	2
2438	2025-09-01	\N	\N	3.56	AVERAGERATE	\N	FIXED_8Y	2
2439	2025-08-01	\N	\N	2.90	AVERAGERATE	\N	VARIABLE_3M	2
2440	2025-08-01	\N	\N	2.99	AVERAGERATE	\N	FIXED_1Y	2
2441	2025-08-01	\N	\N	2.94	AVERAGERATE	\N	FIXED_2Y	2
2442	2025-08-01	\N	\N	3.03	AVERAGERATE	\N	FIXED_3Y	2
2443	2025-08-01	\N	\N	3.15	AVERAGERATE	\N	FIXED_4Y	2
2444	2025-08-01	\N	\N	3.29	AVERAGERATE	\N	FIXED_5Y	2
2445	2025-08-01	\N	\N	3.57	AVERAGERATE	\N	FIXED_8Y	2
2446	2025-07-01	\N	\N	2.89	AVERAGERATE	\N	VARIABLE_3M	2
2447	2025-07-01	\N	\N	2.97	AVERAGERATE	\N	FIXED_1Y	2
2448	2025-07-01	\N	\N	2.91	AVERAGERATE	\N	FIXED_2Y	2
2449	2025-07-01	\N	\N	3.00	AVERAGERATE	\N	FIXED_3Y	2
2450	2025-07-01	\N	\N	3.15	AVERAGERATE	\N	FIXED_4Y	2
2451	2025-07-01	\N	\N	3.25	AVERAGERATE	\N	FIXED_5Y	2
2452	2025-07-01	\N	\N	3.54	AVERAGERATE	\N	FIXED_8Y	2
2453	2025-06-01	\N	\N	3.01	AVERAGERATE	\N	VARIABLE_3M	2
2454	2025-06-01	\N	\N	3.05	AVERAGERATE	\N	FIXED_1Y	2
2455	2025-06-01	\N	\N	3.01	AVERAGERATE	\N	FIXED_2Y	2
2456	2025-06-01	\N	\N	3.07	AVERAGERATE	\N	FIXED_3Y	2
2457	2025-06-01	\N	\N	3.23	AVERAGERATE	\N	FIXED_4Y	2
2458	2025-06-01	\N	\N	3.35	AVERAGERATE	\N	FIXED_5Y	2
2459	2025-06-01	\N	\N	3.65	AVERAGERATE	\N	FIXED_8Y	2
2460	2025-05-01	\N	\N	3.15	AVERAGERATE	\N	VARIABLE_3M	2
2461	2025-05-01	\N	\N	3.11	AVERAGERATE	\N	FIXED_1Y	2
2462	2025-05-01	\N	\N	3.05	AVERAGERATE	\N	FIXED_2Y	2
2463	2025-05-01	\N	\N	3.12	AVERAGERATE	\N	FIXED_3Y	2
2464	2025-05-01	\N	\N	3.38	AVERAGERATE	\N	FIXED_4Y	2
2465	2025-05-01	\N	\N	3.43	AVERAGERATE	\N	FIXED_5Y	2
2466	2025-05-01	\N	\N	3.55	AVERAGERATE	\N	FIXED_8Y	2
2467	2025-03-01	\N	\N	3.16	AVERAGERATE	\N	VARIABLE_3M	2
2468	2025-03-01	\N	\N	3.18	AVERAGERATE	\N	FIXED_1Y	2
2469	2025-03-01	\N	\N	3.17	AVERAGERATE	\N	FIXED_2Y	2
2470	2025-03-01	\N	\N	3.26	AVERAGERATE	\N	FIXED_3Y	2
2471	2025-03-01	\N	\N	3.36	AVERAGERATE	\N	FIXED_4Y	2
2472	2025-03-01	\N	\N	3.43	AVERAGERATE	\N	FIXED_5Y	2
2473	2025-03-01	\N	\N	3.63	AVERAGERATE	\N	FIXED_8Y	2
2474	2025-02-01	\N	\N	3.20	AVERAGERATE	\N	VARIABLE_3M	2
2475	2025-02-01	\N	\N	3.21	AVERAGERATE	\N	FIXED_1Y	2
2476	2025-02-01	\N	\N	3.15	AVERAGERATE	\N	FIXED_2Y	2
2477	2025-02-01	\N	\N	3.20	AVERAGERATE	\N	FIXED_3Y	2
2478	2025-02-01	\N	\N	3.27	AVERAGERATE	\N	FIXED_4Y	2
2479	2025-02-01	\N	\N	3.30	AVERAGERATE	\N	FIXED_5Y	2
2480	2025-02-01	\N	\N	3.51	AVERAGERATE	\N	FIXED_8Y	2
2481	2025-01-01	\N	\N	3.40	AVERAGERATE	\N	VARIABLE_3M	2
2482	2025-01-01	\N	\N	3.17	AVERAGERATE	\N	FIXED_1Y	2
2483	2025-01-01	\N	\N	3.11	AVERAGERATE	\N	FIXED_2Y	2
2484	2025-01-01	\N	\N	3.15	AVERAGERATE	\N	FIXED_3Y	2
2485	2025-01-01	\N	\N	3.25	AVERAGERATE	\N	FIXED_4Y	2
2486	2025-01-01	\N	\N	3.25	AVERAGERATE	\N	FIXED_5Y	2
2487	2025-01-01	\N	\N	3.37	AVERAGERATE	\N	FIXED_8Y	2
2488	2024-12-01	\N	\N	3.53	AVERAGERATE	\N	VARIABLE_3M	2
2489	2024-12-01	\N	\N	3.10	AVERAGERATE	\N	FIXED_1Y	2
2490	2024-12-01	\N	\N	2.99	AVERAGERATE	\N	FIXED_2Y	2
2491	2024-12-01	\N	\N	3.04	AVERAGERATE	\N	FIXED_3Y	2
2492	2024-12-01	\N	\N	3.17	AVERAGERATE	\N	FIXED_4Y	2
2493	2024-12-01	\N	\N	3.12	AVERAGERATE	\N	FIXED_5Y	2
2494	2024-12-01	\N	\N	3.28	AVERAGERATE	\N	FIXED_8Y	2
2495	2024-11-01	\N	\N	3.74	AVERAGERATE	\N	VARIABLE_3M	2
2496	2024-11-01	\N	\N	3.39	AVERAGERATE	\N	FIXED_1Y	2
2497	2024-11-01	\N	\N	2.98	AVERAGERATE	\N	FIXED_2Y	2
2498	2024-11-01	\N	\N	3.07	AVERAGERATE	\N	FIXED_3Y	2
2499	2024-11-01	\N	\N	3.14	AVERAGERATE	\N	FIXED_4Y	2
2500	2024-11-01	\N	\N	3.13	AVERAGERATE	\N	FIXED_5Y	2
2501	2024-11-01	\N	\N	3.22	AVERAGERATE	\N	FIXED_8Y	2
2502	2025-09-01	\N	\N	2.72	AVERAGERATE	\N	VARIABLE_3M	1
2503	2025-09-01	\N	\N	2.74	AVERAGERATE	\N	FIXED_1Y	1
2504	2025-09-01	\N	\N	2.91	AVERAGERATE	\N	FIXED_2Y	1
2505	2025-09-01	\N	\N	2.99	AVERAGERATE	\N	FIXED_3Y	1
2506	2025-09-01	\N	\N	3.11	AVERAGERATE	\N	FIXED_4Y	1
2507	2025-09-01	\N	\N	3.24	AVERAGERATE	\N	FIXED_5Y	1
2508	2025-09-01	\N	\N	3.24	AVERAGERATE	\N	FIXED_6Y	1
2509	2025-09-01	\N	\N	3.53	AVERAGERATE	\N	FIXED_7Y	1
2510	2025-09-01	\N	\N	3.71	AVERAGERATE	\N	FIXED_8Y	1
2511	2025-09-01	\N	\N	3.89	AVERAGERATE	\N	FIXED_10Y	1
2512	2025-08-01	\N	\N	2.85	AVERAGERATE	\N	VARIABLE_3M	1
2513	2025-08-01	\N	\N	2.71	AVERAGERATE	\N	FIXED_1Y	1
2514	2025-08-01	\N	\N	2.91	AVERAGERATE	\N	FIXED_2Y	1
2515	2025-08-01	\N	\N	3.01	AVERAGERATE	\N	FIXED_3Y	1
2516	2025-08-01	\N	\N	3.06	AVERAGERATE	\N	FIXED_4Y	1
2517	2025-08-01	\N	\N	3.21	AVERAGERATE	\N	FIXED_5Y	1
2518	2025-08-01	\N	\N	3.30	AVERAGERATE	\N	FIXED_7Y	1
2519	2025-08-01	\N	\N	3.56	AVERAGERATE	\N	FIXED_8Y	1
2520	2025-08-01	\N	\N	3.65	AVERAGERATE	\N	FIXED_10Y	1
2521	2025-07-01	\N	\N	2.90	AVERAGERATE	\N	VARIABLE_3M	1
2522	2025-07-01	\N	\N	2.59	AVERAGERATE	\N	FIXED_1Y	1
2523	2025-07-01	\N	\N	2.88	AVERAGERATE	\N	FIXED_2Y	1
2524	2025-07-01	\N	\N	2.95	AVERAGERATE	\N	FIXED_3Y	1
2525	2025-07-01	\N	\N	3.00	AVERAGERATE	\N	FIXED_4Y	1
2526	2025-07-01	\N	\N	3.16	AVERAGERATE	\N	FIXED_5Y	1
2527	2025-07-01	\N	\N	3.57	AVERAGERATE	\N	FIXED_10Y	1
2528	2025-06-01	\N	\N	3.03	AVERAGERATE	\N	VARIABLE_3M	1
2529	2025-06-01	\N	\N	2.85	AVERAGERATE	\N	FIXED_1Y	1
2530	2025-06-01	\N	\N	3.01	AVERAGERATE	\N	FIXED_2Y	1
2531	2025-06-01	\N	\N	3.08	AVERAGERATE	\N	FIXED_3Y	1
2532	2025-06-01	\N	\N	3.23	AVERAGERATE	\N	FIXED_4Y	1
2533	2025-06-01	\N	\N	3.30	AVERAGERATE	\N	FIXED_5Y	1
2534	2025-06-01	\N	\N	3.51	AVERAGERATE	\N	FIXED_10Y	1
2535	2025-05-01	\N	\N	3.14	AVERAGERATE	\N	VARIABLE_3M	1
2536	2025-05-01	\N	\N	2.84	AVERAGERATE	\N	FIXED_1Y	1
2537	2025-05-01	\N	\N	3.02	AVERAGERATE	\N	FIXED_2Y	1
2538	2025-05-01	\N	\N	3.10	AVERAGERATE	\N	FIXED_3Y	1
2539	2025-05-01	\N	\N	3.27	AVERAGERATE	\N	FIXED_4Y	1
2540	2025-05-01	\N	\N	3.32	AVERAGERATE	\N	FIXED_5Y	1
2541	2025-05-01	\N	\N	3.86	AVERAGERATE	\N	FIXED_10Y	1
2542	2025-04-01	\N	\N	3.13	AVERAGERATE	\N	VARIABLE_3M	1
2543	2025-04-01	\N	\N	2.92	AVERAGERATE	\N	FIXED_1Y	1
2544	2025-04-01	\N	\N	3.06	AVERAGERATE	\N	FIXED_2Y	1
2545	2025-04-01	\N	\N	3.14	AVERAGERATE	\N	FIXED_3Y	1
2546	2025-04-01	\N	\N	3.26	AVERAGERATE	\N	FIXED_4Y	1
2547	2025-04-01	\N	\N	3.33	AVERAGERATE	\N	FIXED_5Y	1
2548	2025-04-01	\N	\N	3.53	AVERAGERATE	\N	FIXED_6Y	1
2549	2025-04-01	\N	\N	3.43	AVERAGERATE	\N	FIXED_7Y	1
2550	2025-04-01	\N	\N	3.58	AVERAGERATE	\N	FIXED_8Y	1
2551	2025-04-01	\N	\N	3.70	AVERAGERATE	\N	FIXED_9Y	1
2552	2025-04-01	\N	\N	3.94	AVERAGERATE	\N	FIXED_10Y	1
2553	2025-03-01	\N	\N	3.15	AVERAGERATE	\N	VARIABLE_3M	1
2554	2025-03-01	\N	\N	3.08	AVERAGERATE	\N	FIXED_1Y	1
2555	2025-03-01	\N	\N	3.07	AVERAGERATE	\N	FIXED_2Y	1
2556	2025-03-01	\N	\N	3.13	AVERAGERATE	\N	FIXED_3Y	1
2557	2025-03-01	\N	\N	3.17	AVERAGERATE	\N	FIXED_4Y	1
2558	2025-03-01	\N	\N	3.22	AVERAGERATE	\N	FIXED_5Y	1
2559	2025-03-01	\N	\N	3.30	AVERAGERATE	\N	FIXED_6Y	1
2560	2025-03-01	\N	\N	3.36	AVERAGERATE	\N	FIXED_7Y	1
2561	2025-03-01	\N	\N	3.32	AVERAGERATE	\N	FIXED_8Y	1
2562	2025-03-01	\N	\N	3.49	AVERAGERATE	\N	FIXED_9Y	1
2563	2025-03-01	\N	\N	4.08	AVERAGERATE	\N	FIXED_10Y	1
2564	2025-02-01	\N	\N	3.20	AVERAGERATE	\N	VARIABLE_3M	1
2565	2025-02-01	\N	\N	3.19	AVERAGERATE	\N	FIXED_1Y	1
2566	2025-02-01	\N	\N	3.03	AVERAGERATE	\N	FIXED_2Y	1
2567	2025-02-01	\N	\N	3.02	AVERAGERATE	\N	FIXED_3Y	1
2568	2025-02-01	\N	\N	3.04	AVERAGERATE	\N	FIXED_4Y	1
2569	2025-02-01	\N	\N	3.08	AVERAGERATE	\N	FIXED_5Y	1
2570	2025-02-01	\N	\N	3.24	AVERAGERATE	\N	FIXED_6Y	1
2571	2025-02-01	\N	\N	3.20	AVERAGERATE	\N	FIXED_7Y	1
2572	2025-02-01	\N	\N	3.16	AVERAGERATE	\N	FIXED_8Y	1
2573	2025-02-01	\N	\N	3.29	AVERAGERATE	\N	FIXED_9Y	1
2574	2025-02-01	\N	\N	3.95	AVERAGERATE	\N	FIXED_10Y	1
2575	2025-01-01	\N	\N	3.39	AVERAGERATE	\N	VARIABLE_3M	1
2576	2025-01-01	\N	\N	3.34	AVERAGERATE	\N	FIXED_1Y	1
2577	2025-01-01	\N	\N	3.06	AVERAGERATE	\N	FIXED_2Y	1
2578	2025-01-01	\N	\N	3.07	AVERAGERATE	\N	FIXED_3Y	1
2579	2025-01-01	\N	\N	3.08	AVERAGERATE	\N	FIXED_4Y	1
2580	2025-01-01	\N	\N	3.10	AVERAGERATE	\N	FIXED_5Y	1
2581	2025-01-01	\N	\N	3.23	AVERAGERATE	\N	FIXED_6Y	1
2582	2025-01-01	\N	\N	3.20	AVERAGERATE	\N	FIXED_7Y	1
2583	2025-01-01	\N	\N	3.23	AVERAGERATE	\N	FIXED_8Y	1
2584	2025-01-01	\N	\N	3.30	AVERAGERATE	\N	FIXED_9Y	1
2585	2025-01-01	\N	\N	4.30	AVERAGERATE	\N	FIXED_10Y	1
2586	2024-12-01	\N	\N	3.52	AVERAGERATE	\N	VARIABLE_3M	1
2587	2024-12-01	\N	\N	3.31	AVERAGERATE	\N	FIXED_1Y	1
2588	2024-12-01	\N	\N	3.01	AVERAGERATE	\N	FIXED_2Y	1
2589	2024-12-01	\N	\N	3.03	AVERAGERATE	\N	FIXED_3Y	1
2590	2024-12-01	\N	\N	3.06	AVERAGERATE	\N	FIXED_4Y	1
2591	2024-12-01	\N	\N	3.08	AVERAGERATE	\N	FIXED_5Y	1
2592	2024-12-01	\N	\N	3.15	AVERAGERATE	\N	FIXED_6Y	1
2593	2024-12-01	\N	\N	3.37	AVERAGERATE	\N	FIXED_7Y	1
2594	2024-12-01	\N	\N	3.16	AVERAGERATE	\N	FIXED_8Y	1
2595	2024-12-01	\N	\N	3.24	AVERAGERATE	\N	FIXED_9Y	1
2596	2024-12-01	\N	\N	4.14	AVERAGERATE	\N	FIXED_10Y	1
2597	2024-11-01	\N	\N	3.74	AVERAGERATE	\N	VARIABLE_3M	1
2598	2024-11-01	\N	\N	3.30	AVERAGERATE	\N	FIXED_1Y	1
2599	2024-11-01	\N	\N	2.98	AVERAGERATE	\N	FIXED_2Y	1
2600	2024-11-01	\N	\N	3.02	AVERAGERATE	\N	FIXED_3Y	1
2601	2024-11-01	\N	\N	3.07	AVERAGERATE	\N	FIXED_4Y	1
2602	2024-11-01	\N	\N	3.03	AVERAGERATE	\N	FIXED_5Y	1
2603	2024-11-01	\N	\N	3.17	AVERAGERATE	\N	FIXED_6Y	1
2604	2024-11-01	\N	\N	3.09	AVERAGERATE	\N	FIXED_7Y	1
2605	2024-11-01	\N	\N	3.11	AVERAGERATE	\N	FIXED_8Y	1
2606	2024-11-01	\N	\N	3.30	AVERAGERATE	\N	FIXED_9Y	1
2607	2024-11-01	\N	\N	4.27	AVERAGERATE	\N	FIXED_10Y	1
2608	2024-10-01	\N	\N	4.09	AVERAGERATE	\N	VARIABLE_3M	1
2609	2024-10-01	\N	\N	3.42	AVERAGERATE	\N	FIXED_1Y	1
2610	2024-10-01	\N	\N	2.98	AVERAGERATE	\N	FIXED_2Y	1
2611	2024-10-01	\N	\N	3.03	AVERAGERATE	\N	FIXED_3Y	1
2612	2024-10-01	\N	\N	3.05	AVERAGERATE	\N	FIXED_4Y	1
2613	2024-10-01	\N	\N	3.04	AVERAGERATE	\N	FIXED_5Y	1
2614	2024-10-01	\N	\N	4.83	AVERAGERATE	\N	FIXED_10Y	1
2615	2025-09-01	\N	\N	2.67	AVERAGERATE	\N	VARIABLE_3M	9
2616	2025-09-01	\N	\N	2.76	AVERAGERATE	\N	FIXED_1Y	9
2617	2025-09-01	\N	\N	2.69	AVERAGERATE	\N	FIXED_2Y	9
2618	2025-09-01	\N	\N	2.80	AVERAGERATE	\N	FIXED_3Y	9
2619	2025-09-01	\N	\N	2.98	AVERAGERATE	\N	FIXED_5Y	9
2620	2025-08-01	\N	\N	2.73	AVERAGERATE	\N	VARIABLE_3M	9
2621	2025-08-01	\N	\N	2.76	AVERAGERATE	\N	FIXED_1Y	9
2622	2025-08-01	\N	\N	2.77	AVERAGERATE	\N	FIXED_2Y	9
2623	2025-08-01	\N	\N	2.86	AVERAGERATE	\N	FIXED_3Y	9
2624	2025-08-01	\N	\N	3.07	AVERAGERATE	\N	FIXED_5Y	9
2625	2025-07-01	\N	\N	2.73	AVERAGERATE	\N	VARIABLE_3M	9
2626	2025-07-01	\N	\N	3.01	AVERAGERATE	\N	FIXED_1Y	9
2627	2025-07-01	\N	\N	2.81	AVERAGERATE	\N	FIXED_2Y	9
2628	2025-07-01	\N	\N	2.92	AVERAGERATE	\N	FIXED_3Y	9
2629	2025-07-01	\N	\N	3.09	AVERAGERATE	\N	FIXED_5Y	9
2630	2025-06-01	\N	\N	2.98	AVERAGERATE	\N	VARIABLE_3M	9
2631	2025-06-01	\N	\N	3.16	AVERAGERATE	\N	FIXED_1Y	9
2632	2025-06-01	\N	\N	2.97	AVERAGERATE	\N	FIXED_2Y	9
2633	2025-06-01	\N	\N	3.02	AVERAGERATE	\N	FIXED_3Y	9
2634	2025-06-01	\N	\N	3.15	AVERAGERATE	\N	FIXED_5Y	9
2635	2025-05-01	\N	\N	3.05	AVERAGERATE	\N	VARIABLE_3M	9
2636	2025-05-01	\N	\N	3.07	AVERAGERATE	\N	FIXED_1Y	9
2637	2025-05-01	\N	\N	3.02	AVERAGERATE	\N	FIXED_2Y	9
2638	2025-05-01	\N	\N	3.12	AVERAGERATE	\N	FIXED_3Y	9
2639	2025-05-01	\N	\N	3.40	AVERAGERATE	\N	FIXED_5Y	9
2640	2025-04-01	\N	\N	3.05	AVERAGERATE	\N	VARIABLE_3M	9
2641	2025-04-01	\N	\N	3.13	AVERAGERATE	\N	FIXED_1Y	9
2642	2025-04-01	\N	\N	3.11	AVERAGERATE	\N	FIXED_2Y	9
2643	2025-04-01	\N	\N	3.25	AVERAGERATE	\N	FIXED_3Y	9
2644	2025-04-01	\N	\N	3.39	AVERAGERATE	\N	FIXED_5Y	9
2645	2025-03-01	\N	\N	3.01	AVERAGERATE	\N	VARIABLE_3M	9
2646	2025-03-01	\N	\N	3.12	AVERAGERATE	\N	FIXED_1Y	9
2647	2025-03-01	\N	\N	3.05	AVERAGERATE	\N	FIXED_2Y	9
2648	2025-03-01	\N	\N	3.11	AVERAGERATE	\N	FIXED_3Y	9
2649	2025-03-01	\N	\N	3.23	AVERAGERATE	\N	FIXED_5Y	9
2650	2025-02-01	\N	\N	3.22	AVERAGERATE	\N	VARIABLE_3M	9
2651	2025-02-01	\N	\N	3.08	AVERAGERATE	\N	FIXED_1Y	9
2652	2025-02-01	\N	\N	3.04	AVERAGERATE	\N	FIXED_2Y	9
2653	2025-02-01	\N	\N	3.07	AVERAGERATE	\N	FIXED_3Y	9
2654	2025-02-01	\N	\N	3.20	AVERAGERATE	\N	FIXED_5Y	9
2655	2025-01-01	\N	\N	3.24	AVERAGERATE	\N	VARIABLE_3M	9
2656	2025-01-01	\N	\N	3.05	AVERAGERATE	\N	FIXED_1Y	9
2657	2025-01-01	\N	\N	2.94	AVERAGERATE	\N	FIXED_2Y	9
2658	2025-01-01	\N	\N	2.95	AVERAGERATE	\N	FIXED_3Y	9
2659	2025-01-01	\N	\N	3.00	AVERAGERATE	\N	FIXED_5Y	9
2660	2024-12-01	\N	\N	3.41	AVERAGERATE	\N	VARIABLE_3M	9
2661	2024-12-01	\N	\N	3.02	AVERAGERATE	\N	FIXED_1Y	9
2662	2024-12-01	\N	\N	2.86	AVERAGERATE	\N	FIXED_2Y	9
2663	2024-12-01	\N	\N	2.87	AVERAGERATE	\N	FIXED_3Y	9
2664	2024-12-01	\N	\N	2.95	AVERAGERATE	\N	FIXED_5Y	9
2665	2024-11-01	\N	\N	3.73	AVERAGERATE	\N	VARIABLE_3M	9
2666	2024-11-01	\N	\N	3.10	AVERAGERATE	\N	FIXED_1Y	9
2667	2024-11-01	\N	\N	2.93	AVERAGERATE	\N	FIXED_2Y	9
2668	2024-11-01	\N	\N	2.91	AVERAGERATE	\N	FIXED_3Y	9
2669	2024-11-01	\N	\N	2.97	AVERAGERATE	\N	FIXED_5Y	9
2670	2024-10-01	\N	\N	3.90	AVERAGERATE	\N	VARIABLE_3M	9
2671	2024-10-01	\N	\N	3.49	AVERAGERATE	\N	FIXED_1Y	9
2672	2024-10-01	\N	\N	3.01	AVERAGERATE	\N	FIXED_2Y	9
2673	2024-10-01	\N	\N	3.01	AVERAGERATE	\N	FIXED_3Y	9
2674	2024-10-01	\N	\N	2.95	AVERAGERATE	\N	FIXED_5Y	9
2675	2025-09-01	\N	\N	2.68	AVERAGERATE	\N	VARIABLE_3M	4
2676	2025-09-01	\N	\N	2.92	AVERAGERATE	\N	FIXED_1Y	4
2677	2025-09-01	\N	\N	2.93	AVERAGERATE	\N	FIXED_2Y	4
2678	2025-09-01	\N	\N	3.00	AVERAGERATE	\N	FIXED_3Y	4
2679	2025-09-01	\N	\N	3.19	AVERAGERATE	\N	FIXED_5Y	4
2680	2025-09-01	\N	\N	3.57	AVERAGERATE	\N	FIXED_10Y	4
2681	2025-08-01	\N	\N	2.86	AVERAGERATE	\N	VARIABLE_3M	4
2682	2025-08-01	\N	\N	2.93	AVERAGERATE	\N	FIXED_1Y	4
2683	2025-08-01	\N	\N	2.94	AVERAGERATE	\N	FIXED_2Y	4
2684	2025-08-01	\N	\N	2.99	AVERAGERATE	\N	FIXED_3Y	4
2685	2025-08-01	\N	\N	3.08	AVERAGERATE	\N	FIXED_5Y	4
2686	2025-07-01	\N	\N	2.88	AVERAGERATE	\N	VARIABLE_3M	4
2687	2025-07-01	\N	\N	2.91	AVERAGERATE	\N	FIXED_1Y	4
2688	2025-07-01	\N	\N	2.95	AVERAGERATE	\N	FIXED_2Y	4
2689	2025-07-01	\N	\N	2.98	AVERAGERATE	\N	FIXED_3Y	4
2690	2025-07-01	\N	\N	3.18	AVERAGERATE	\N	FIXED_5Y	4
2691	2025-06-01	\N	\N	2.91	AVERAGERATE	\N	VARIABLE_3M	4
2692	2025-06-01	\N	\N	3.07	AVERAGERATE	\N	FIXED_1Y	4
2693	2025-06-01	\N	\N	3.01	AVERAGERATE	\N	FIXED_2Y	4
2694	2025-06-01	\N	\N	3.10	AVERAGERATE	\N	FIXED_3Y	4
2695	2025-06-01	\N	\N	3.17	AVERAGERATE	\N	FIXED_5Y	4
2696	2025-06-01	\N	\N	3.47	AVERAGERATE	\N	FIXED_7Y	4
2697	2025-06-01	\N	\N	3.48	AVERAGERATE	\N	FIXED_10Y	4
2698	2025-05-01	\N	\N	3.04	AVERAGERATE	\N	VARIABLE_3M	4
2699	2025-05-01	\N	\N	3.05	AVERAGERATE	\N	FIXED_1Y	4
2700	2025-05-01	\N	\N	3.02	AVERAGERATE	\N	FIXED_2Y	4
2701	2025-05-01	\N	\N	3.06	AVERAGERATE	\N	FIXED_3Y	4
2702	2025-05-01	\N	\N	3.15	AVERAGERATE	\N	FIXED_5Y	4
2703	2025-05-01	\N	\N	3.28	AVERAGERATE	\N	FIXED_7Y	4
2704	2025-04-01	\N	\N	3.01	AVERAGERATE	\N	VARIABLE_3M	4
2705	2025-04-01	\N	\N	3.09	AVERAGERATE	\N	FIXED_1Y	4
2706	2025-04-01	\N	\N	3.07	AVERAGERATE	\N	FIXED_2Y	4
2707	2025-04-01	\N	\N	3.09	AVERAGERATE	\N	FIXED_3Y	4
2708	2025-04-01	\N	\N	3.21	AVERAGERATE	\N	FIXED_5Y	4
2709	2025-04-01	\N	\N	3.47	AVERAGERATE	\N	FIXED_7Y	4
2710	2025-04-01	\N	\N	3.49	AVERAGERATE	\N	FIXED_10Y	4
2711	2025-03-01	\N	\N	3.02	AVERAGERATE	\N	VARIABLE_3M	4
2712	2025-03-01	\N	\N	3.18	AVERAGERATE	\N	FIXED_1Y	4
2713	2025-03-01	\N	\N	3.09	AVERAGERATE	\N	FIXED_2Y	4
2714	2025-03-01	\N	\N	3.15	AVERAGERATE	\N	FIXED_3Y	4
2715	2025-03-01	\N	\N	3.21	AVERAGERATE	\N	FIXED_5Y	4
2716	2025-03-01	\N	\N	3.40	AVERAGERATE	\N	FIXED_7Y	4
2717	2025-03-01	\N	\N	3.23	AVERAGERATE	\N	FIXED_10Y	4
2718	2025-02-01	\N	\N	3.02	AVERAGERATE	\N	VARIABLE_3M	4
2719	2025-02-01	\N	\N	3.09	AVERAGERATE	\N	FIXED_1Y	4
2720	2025-02-01	\N	\N	3.03	AVERAGERATE	\N	FIXED_2Y	4
2721	2025-02-01	\N	\N	3.04	AVERAGERATE	\N	FIXED_3Y	4
2722	2025-02-01	\N	\N	3.08	AVERAGERATE	\N	FIXED_5Y	4
2723	2025-02-01	\N	\N	3.22	AVERAGERATE	\N	FIXED_7Y	4
2724	2025-02-01	\N	\N	3.37	AVERAGERATE	\N	FIXED_10Y	4
2725	2025-01-01	\N	\N	3.25	AVERAGERATE	\N	VARIABLE_3M	4
2726	2025-01-01	\N	\N	3.19	AVERAGERATE	\N	FIXED_1Y	4
2727	2025-01-01	\N	\N	3.01	AVERAGERATE	\N	FIXED_2Y	4
2728	2025-01-01	\N	\N	3.02	AVERAGERATE	\N	FIXED_3Y	4
2729	2025-01-01	\N	\N	3.07	AVERAGERATE	\N	FIXED_5Y	4
2730	2025-01-01	\N	\N	3.22	AVERAGERATE	\N	FIXED_7Y	4
2731	2025-01-01	\N	\N	3.38	AVERAGERATE	\N	FIXED_10Y	4
2732	2024-12-01	\N	\N	3.32	AVERAGERATE	\N	VARIABLE_3M	4
2733	2024-12-01	\N	\N	3.10	AVERAGERATE	\N	FIXED_1Y	4
2734	2024-12-01	\N	\N	2.91	AVERAGERATE	\N	FIXED_2Y	4
2735	2024-12-01	\N	\N	2.90	AVERAGERATE	\N	FIXED_3Y	4
2736	2024-12-01	\N	\N	2.93	AVERAGERATE	\N	FIXED_5Y	4
2737	2024-12-01	\N	\N	3.20	AVERAGERATE	\N	FIXED_7Y	4
2738	2024-12-01	\N	\N	3.27	AVERAGERATE	\N	FIXED_10Y	4
2739	2024-11-01	\N	\N	3.65	AVERAGERATE	\N	VARIABLE_3M	4
2740	2024-11-01	\N	\N	3.30	AVERAGERATE	\N	FIXED_1Y	4
2741	2024-11-01	\N	\N	2.95	AVERAGERATE	\N	FIXED_2Y	4
2742	2024-11-01	\N	\N	2.96	AVERAGERATE	\N	FIXED_3Y	4
2743	2024-11-01	\N	\N	2.95	AVERAGERATE	\N	FIXED_5Y	4
2744	2024-11-01	\N	\N	3.23	AVERAGERATE	\N	FIXED_7Y	4
2745	2024-11-01	\N	\N	3.25	AVERAGERATE	\N	FIXED_10Y	4
2746	2025-05-01	\N	\N	3.59	AVERAGERATE	\N	FIXED_10Y	4
2747	2024-10-01	\N	\N	4.02	AVERAGERATE	\N	VARIABLE_3M	4
2748	2024-10-01	\N	\N	3.36	AVERAGERATE	\N	FIXED_1Y	4
2749	2024-10-01	\N	\N	2.94	AVERAGERATE	\N	FIXED_2Y	4
2750	2024-10-01	\N	\N	2.98	AVERAGERATE	\N	FIXED_3Y	4
2751	2024-10-01	\N	\N	2.97	AVERAGERATE	\N	FIXED_5Y	4
2752	2024-10-01	\N	\N	3.19	AVERAGERATE	\N	FIXED_7Y	4
2753	2024-10-01	\N	\N	2.90	AVERAGERATE	\N	FIXED_10Y	4
2754	2025-09-01	\N	\N	2.77	AVERAGERATE	\N	VARIABLE_3M	3
2755	2025-09-01	\N	\N	2.86	AVERAGERATE	\N	FIXED_1Y	3
2756	2025-09-01	\N	\N	2.86	AVERAGERATE	\N	FIXED_2Y	3
2757	2025-09-01	\N	\N	3.02	AVERAGERATE	\N	FIXED_3Y	3
2758	2025-09-01	\N	\N	3.23	AVERAGERATE	\N	FIXED_5Y	3
2759	2025-09-01	\N	\N	3.61	AVERAGERATE	\N	FIXED_8Y	3
2760	2025-09-01	\N	\N	3.79	AVERAGERATE	\N	FIXED_10Y	3
2761	2025-08-01	\N	\N	2.83	AVERAGERATE	\N	VARIABLE_3M	3
2762	2025-08-01	\N	\N	2.89	AVERAGERATE	\N	FIXED_1Y	3
2763	2025-08-01	\N	\N	2.89	AVERAGERATE	\N	FIXED_2Y	3
2764	2025-08-01	\N	\N	3.06	AVERAGERATE	\N	FIXED_3Y	3
2765	2025-08-01	\N	\N	3.25	AVERAGERATE	\N	FIXED_5Y	3
2766	2025-08-01	\N	\N	3.56	AVERAGERATE	\N	FIXED_8Y	3
2767	2025-08-01	\N	\N	3.79	AVERAGERATE	\N	FIXED_10Y	3
2768	2025-07-01	\N	\N	2.81	AVERAGERATE	\N	VARIABLE_3M	3
2769	2025-07-01	\N	\N	2.98	AVERAGERATE	\N	FIXED_1Y	3
2770	2025-07-01	\N	\N	2.92	AVERAGERATE	\N	FIXED_2Y	3
2771	2025-07-01	\N	\N	3.07	AVERAGERATE	\N	FIXED_3Y	3
2772	2025-07-01	\N	\N	3.27	AVERAGERATE	\N	FIXED_5Y	3
2773	2025-07-01	\N	\N	3.54	AVERAGERATE	\N	FIXED_8Y	3
2774	2025-07-01	\N	\N	3.81	AVERAGERATE	\N	FIXED_10Y	3
2775	2025-06-01	\N	\N	3.01	AVERAGERATE	\N	VARIABLE_3M	3
2776	2025-06-01	\N	\N	3.10	AVERAGERATE	\N	FIXED_1Y	3
2777	2025-06-01	\N	\N	3.02	AVERAGERATE	\N	FIXED_2Y	3
2778	2025-06-01	\N	\N	3.14	AVERAGERATE	\N	FIXED_3Y	3
2779	2025-06-01	\N	\N	3.31	AVERAGERATE	\N	FIXED_5Y	3
2780	2025-06-01	\N	\N	3.64	AVERAGERATE	\N	FIXED_8Y	3
2781	2025-06-01	\N	\N	3.79	AVERAGERATE	\N	FIXED_10Y	3
2782	2025-05-01	\N	\N	3.07	AVERAGERATE	\N	VARIABLE_3M	3
2783	2025-05-01	\N	\N	3.11	AVERAGERATE	\N	FIXED_1Y	3
2784	2025-05-01	\N	\N	3.07	AVERAGERATE	\N	FIXED_2Y	3
2785	2025-05-01	\N	\N	3.23	AVERAGERATE	\N	FIXED_3Y	3
2786	2025-05-01	\N	\N	3.39	AVERAGERATE	\N	FIXED_5Y	3
2787	2025-05-01	\N	\N	3.67	AVERAGERATE	\N	FIXED_8Y	3
2788	2025-05-01	\N	\N	3.81	AVERAGERATE	\N	FIXED_10Y	3
2789	2025-04-01	\N	\N	3.06	AVERAGERATE	\N	VARIABLE_3M	3
2790	2025-04-01	\N	\N	3.17	AVERAGERATE	\N	FIXED_1Y	3
2791	2025-04-01	\N	\N	3.16	AVERAGERATE	\N	FIXED_2Y	3
2792	2025-04-01	\N	\N	3.29	AVERAGERATE	\N	FIXED_3Y	3
2793	2025-04-01	\N	\N	3.46	AVERAGERATE	\N	FIXED_5Y	3
2794	2025-04-01	\N	\N	3.74	AVERAGERATE	\N	FIXED_8Y	3
2795	2025-04-01	\N	\N	3.84	AVERAGERATE	\N	FIXED_10Y	3
2796	2025-03-01	\N	\N	3.11	AVERAGERATE	\N	VARIABLE_3M	3
2797	2025-03-01	\N	\N	3.17	AVERAGERATE	\N	FIXED_1Y	3
2798	2025-03-01	\N	\N	3.17	AVERAGERATE	\N	FIXED_2Y	3
2799	2025-03-01	\N	\N	3.33	AVERAGERATE	\N	FIXED_3Y	3
2800	2025-03-01	\N	\N	3.43	AVERAGERATE	\N	FIXED_5Y	3
2801	2025-03-01	\N	\N	3.63	AVERAGERATE	\N	FIXED_8Y	3
2802	2025-03-01	\N	\N	3.79	AVERAGERATE	\N	FIXED_10Y	3
2803	2025-02-01	\N	\N	3.22	AVERAGERATE	\N	VARIABLE_3M	3
2804	2025-02-01	\N	\N	3.17	AVERAGERATE	\N	FIXED_1Y	3
2805	2025-02-01	\N	\N	3.10	AVERAGERATE	\N	FIXED_2Y	3
2806	2025-02-01	\N	\N	3.23	AVERAGERATE	\N	FIXED_3Y	3
2807	2025-02-01	\N	\N	3.29	AVERAGERATE	\N	FIXED_5Y	3
2808	2025-02-01	\N	\N	3.48	AVERAGERATE	\N	FIXED_8Y	3
2809	2025-02-01	\N	\N	3.68	AVERAGERATE	\N	FIXED_10Y	3
2810	2025-01-01	\N	\N	3.38	AVERAGERATE	\N	VARIABLE_3M	3
2811	2025-01-01	\N	\N	3.20	AVERAGERATE	\N	FIXED_1Y	3
2812	2025-01-01	\N	\N	3.13	AVERAGERATE	\N	FIXED_2Y	3
2813	2025-01-01	\N	\N	3.26	AVERAGERATE	\N	FIXED_3Y	3
2814	2025-01-01	\N	\N	3.32	AVERAGERATE	\N	FIXED_5Y	3
2815	2025-01-01	\N	\N	3.55	AVERAGERATE	\N	FIXED_8Y	3
2816	2025-01-01	\N	\N	3.63	AVERAGERATE	\N	FIXED_10Y	3
2817	2024-12-01	\N	\N	3.52	AVERAGERATE	\N	VARIABLE_3M	3
2818	2024-12-01	\N	\N	3.13	AVERAGERATE	\N	FIXED_1Y	3
2819	2024-12-01	\N	\N	2.95	AVERAGERATE	\N	FIXED_2Y	3
2820	2024-12-01	\N	\N	3.10	AVERAGERATE	\N	FIXED_3Y	3
2821	2024-12-01	\N	\N	3.12	AVERAGERATE	\N	FIXED_5Y	3
2822	2024-12-01	\N	\N	3.29	AVERAGERATE	\N	FIXED_8Y	3
2823	2024-12-01	\N	\N	3.47	AVERAGERATE	\N	FIXED_10Y	3
2824	2024-11-01	\N	\N	3.86	AVERAGERATE	\N	VARIABLE_3M	3
2825	2024-11-01	\N	\N	3.25	AVERAGERATE	\N	FIXED_1Y	3
2826	2024-11-01	\N	\N	2.96	AVERAGERATE	\N	FIXED_2Y	3
2827	2024-11-01	\N	\N	3.16	AVERAGERATE	\N	FIXED_3Y	3
2828	2024-11-01	\N	\N	3.17	AVERAGERATE	\N	FIXED_5Y	3
2829	2024-11-01	\N	\N	3.23	AVERAGERATE	\N	FIXED_8Y	3
2830	2024-11-01	\N	\N	3.54	AVERAGERATE	\N	FIXED_10Y	3
2831	2025-09-01	\N	\N	2.58	AVERAGERATE	\N	VARIABLE_3M	8
2832	2025-09-01	\N	\N	2.87	AVERAGERATE	\N	FIXED_1Y	8
2833	2025-09-01	\N	\N	2.84	AVERAGERATE	\N	FIXED_2Y	8
2834	2025-09-01	\N	\N	3.08	AVERAGERATE	\N	FIXED_3Y	8
2835	2025-09-01	\N	\N	3.17	AVERAGERATE	\N	FIXED_4Y	8
2836	2025-09-01	\N	\N	3.03	AVERAGERATE	\N	FIXED_5Y	8
2837	2025-08-01	\N	\N	2.73	AVERAGERATE	\N	VARIABLE_3M	8
2838	2025-08-01	\N	\N	2.94	AVERAGERATE	\N	FIXED_1Y	8
2839	2025-08-01	\N	\N	2.86	AVERAGERATE	\N	FIXED_2Y	8
2840	2025-08-01	\N	\N	2.91	AVERAGERATE	\N	FIXED_3Y	8
2841	2025-08-01	\N	\N	2.91	AVERAGERATE	\N	FIXED_4Y	8
2842	2025-08-01	\N	\N	3.08	AVERAGERATE	\N	FIXED_5Y	8
2843	2025-07-01	\N	\N	2.74	AVERAGERATE	\N	VARIABLE_3M	8
2844	2025-07-01	\N	\N	2.92	AVERAGERATE	\N	FIXED_1Y	8
2845	2025-07-01	\N	\N	2.85	AVERAGERATE	\N	FIXED_2Y	8
2846	2025-07-01	\N	\N	3.11	AVERAGERATE	\N	FIXED_3Y	8
2847	2025-07-01	\N	\N	3.13	AVERAGERATE	\N	FIXED_5Y	8
2848	2025-06-01	\N	\N	2.74	AVERAGERATE	\N	VARIABLE_3M	8
2849	2025-06-01	\N	\N	2.85	AVERAGERATE	\N	FIXED_1Y	8
2850	2025-06-01	\N	\N	2.87	AVERAGERATE	\N	FIXED_2Y	8
2851	2025-06-01	\N	\N	2.90	AVERAGERATE	\N	FIXED_3Y	8
2852	2025-06-01	\N	\N	3.30	AVERAGERATE	\N	FIXED_4Y	8
2853	2025-06-01	\N	\N	3.26	AVERAGERATE	\N	FIXED_5Y	8
2854	2025-05-01	\N	\N	2.98	AVERAGERATE	\N	VARIABLE_3M	8
2855	2025-05-01	\N	\N	2.93	AVERAGERATE	\N	FIXED_1Y	8
2856	2025-05-01	\N	\N	2.91	AVERAGERATE	\N	FIXED_2Y	8
2857	2025-05-01	\N	\N	3.18	AVERAGERATE	\N	FIXED_3Y	8
2858	2025-05-01	\N	\N	3.22	AVERAGERATE	\N	FIXED_4Y	8
2859	2025-05-01	\N	\N	3.30	AVERAGERATE	\N	FIXED_5Y	8
2860	2025-04-01	\N	\N	2.97	AVERAGERATE	\N	VARIABLE_3M	8
2861	2025-04-01	\N	\N	3.04	AVERAGERATE	\N	FIXED_1Y	8
2862	2025-04-01	\N	\N	3.03	AVERAGERATE	\N	FIXED_2Y	8
2863	2025-04-01	\N	\N	3.15	AVERAGERATE	\N	FIXED_3Y	8
2864	2025-04-01	\N	\N	3.22	AVERAGERATE	\N	FIXED_4Y	8
2865	2025-04-01	\N	\N	3.29	AVERAGERATE	\N	FIXED_5Y	8
2866	2025-03-01	\N	\N	3.01	AVERAGERATE	\N	VARIABLE_3M	8
2867	2025-03-01	\N	\N	3.05	AVERAGERATE	\N	FIXED_1Y	8
2868	2025-03-01	\N	\N	3.09	AVERAGERATE	\N	FIXED_2Y	8
2869	2025-03-01	\N	\N	3.21	AVERAGERATE	\N	FIXED_3Y	8
2870	2025-03-01	\N	\N	3.29	AVERAGERATE	\N	FIXED_4Y	8
2871	2025-03-01	\N	\N	3.28	AVERAGERATE	\N	FIXED_5Y	8
2872	2025-02-01	\N	\N	3.02	AVERAGERATE	\N	VARIABLE_3M	8
2873	2025-02-01	\N	\N	2.98	AVERAGERATE	\N	FIXED_1Y	8
2874	2025-02-01	\N	\N	3.04	AVERAGERATE	\N	FIXED_2Y	8
2875	2025-02-01	\N	\N	3.05	AVERAGERATE	\N	FIXED_3Y	8
2876	2025-02-01	\N	\N	3.15	AVERAGERATE	\N	FIXED_4Y	8
2877	2025-02-01	\N	\N	3.16	AVERAGERATE	\N	FIXED_5Y	8
2878	2025-01-01	\N	\N	3.27	AVERAGERATE	\N	VARIABLE_3M	8
2879	2025-01-01	\N	\N	3.02	AVERAGERATE	\N	FIXED_1Y	8
2880	2025-01-01	\N	\N	2.97	AVERAGERATE	\N	FIXED_2Y	8
2881	2025-01-01	\N	\N	3.12	AVERAGERATE	\N	FIXED_3Y	8
2882	2025-01-01	\N	\N	3.03	AVERAGERATE	\N	FIXED_4Y	8
2883	2025-01-01	\N	\N	3.09	AVERAGERATE	\N	FIXED_5Y	8
2884	2024-12-01	\N	\N	3.28	AVERAGERATE	\N	VARIABLE_3M	8
2885	2024-12-01	\N	\N	2.90	AVERAGERATE	\N	FIXED_1Y	8
2886	2024-12-01	\N	\N	2.99	AVERAGERATE	\N	FIXED_2Y	8
2887	2024-12-01	\N	\N	2.93	AVERAGERATE	\N	FIXED_3Y	8
2888	2024-12-01	\N	\N	3.03	AVERAGERATE	\N	FIXED_4Y	8
2889	2024-12-01	\N	\N	3.03	AVERAGERATE	\N	FIXED_5Y	8
2890	2024-11-01	\N	\N	3.56	AVERAGERATE	\N	VARIABLE_3M	8
2891	2024-11-01	\N	\N	2.99	AVERAGERATE	\N	FIXED_1Y	8
2892	2024-11-01	\N	\N	2.97	AVERAGERATE	\N	FIXED_2Y	8
2893	2024-11-01	\N	\N	3.02	AVERAGERATE	\N	FIXED_3Y	8
2894	2024-11-01	\N	\N	3.09	AVERAGERATE	\N	FIXED_4Y	8
2895	2024-11-01	\N	\N	2.91	AVERAGERATE	\N	FIXED_5Y	8
2896	2024-10-01	\N	\N	4.03	AVERAGERATE	\N	VARIABLE_3M	8
2897	2024-10-01	\N	\N	3.18	AVERAGERATE	\N	FIXED_1Y	8
2898	2024-10-01	\N	\N	3.02	AVERAGERATE	\N	FIXED_2Y	8
2899	2024-10-01	\N	\N	3.09	AVERAGERATE	\N	FIXED_3Y	8
2900	2024-10-01	\N	\N	3.10	AVERAGERATE	\N	FIXED_4Y	8
2901	2024-10-01	\N	\N	2.96	AVERAGERATE	\N	FIXED_5Y	8
2902	2025-10-01	\N	\N	2.59	AVERAGERATE	\N	VARIABLE_3M	11
2903	2025-09-01	\N	\N	2.82	AVERAGERATE	\N	VARIABLE_3M	11
2904	2025-08-01	\N	\N	2.76	AVERAGERATE	\N	VARIABLE_3M	11
2905	2025-07-01	\N	\N	2.73	AVERAGERATE	\N	VARIABLE_3M	11
2906	2025-06-01	\N	\N	2.74	AVERAGERATE	\N	VARIABLE_3M	11
2907	2025-05-01	\N	\N	2.95	AVERAGERATE	\N	VARIABLE_3M	11
2908	2025-04-01	\N	\N	2.97	AVERAGERATE	\N	VARIABLE_3M	11
2909	2025-03-01	\N	\N	2.97	AVERAGERATE	\N	VARIABLE_3M	11
2910	2025-02-01	\N	\N	2.91	AVERAGERATE	\N	VARIABLE_3M	11
2911	2025-01-01	\N	\N	3.20	AVERAGERATE	\N	VARIABLE_3M	11
2912	2024-12-01	\N	\N	3.32	AVERAGERATE	\N	VARIABLE_3M	11
2913	2024-11-01	\N	\N	3.50	AVERAGERATE	\N	VARIABLE_3M	11
2914	2024-10-01	\N	\N	3.96	AVERAGERATE	\N	VARIABLE_3M	11
2915	2025-11-03	2025-09-25	0.20	3.79	LISTRATE	\N	VARIABLE_3M	1
2916	2025-11-03	2025-07-09	-0.20	3.34	LISTRATE	\N	FIXED_1Y	1
2917	2025-11-03	2025-06-19	-0.10	3.39	LISTRATE	\N	FIXED_2Y	1
2918	2025-11-03	2025-07-09	-0.49	3.49	LISTRATE	\N	FIXED_3Y	1
2919	2025-11-03	2025-07-09	-0.20	3.64	LISTRATE	\N	FIXED_4Y	1
2920	2025-11-03	2025-06-19	-0.10	3.79	LISTRATE	\N	FIXED_5Y	1
2921	2025-11-03	2025-09-25	0.35	3.99	LISTRATE	\N	FIXED_6Y	1
2922	2025-11-03	2025-09-25	0.35	3.99	LISTRATE	\N	FIXED_7Y	1
2923	2025-11-03	2025-09-25	0.35	3.99	LISTRATE	\N	FIXED_8Y	1
2924	2025-11-03	2025-09-25	0.35	3.99	LISTRATE	\N	FIXED_9Y	1
2925	2025-11-03	2025-09-25	0.35	3.99	LISTRATE	\N	FIXED_10Y	1
2926	2025-11-03	2025-09-25	-0.20	3.84	LISTRATE	\N	VARIABLE_3M	2
2927	2025-11-03	2025-06-30	-0.10	3.43	LISTRATE	\N	FIXED_1Y	2
2928	2025-11-03	2025-06-30	-0.10	3.38	LISTRATE	\N	FIXED_2Y	2
2929	2025-11-03	2025-06-30	-0.05	3.48	LISTRATE	\N	FIXED_3Y	2
2930	2025-11-03	2025-06-30	-0.05	3.63	LISTRATE	\N	FIXED_4Y	2
2931	2025-11-03	2025-06-16	-0.10	3.78	LISTRATE	\N	FIXED_5Y	2
2932	2025-11-03	2025-03-26	0.10	3.94	LISTRATE	\N	FIXED_8Y	2
2933	2025-11-03	2025-09-25	-0.20	3.84	LISTRATE	\N	VARIABLE_3M	4
2934	2025-11-03	2025-07-10	-0.20	3.44	LISTRATE	\N	FIXED_1Y	4
2935	2025-11-03	2025-07-10	-0.10	3.39	LISTRATE	\N	FIXED_2Y	4
2936	2025-11-03	2025-07-10	-0.10	3.49	LISTRATE	\N	FIXED_3Y	4
2937	2025-11-03	2025-03-26	0.20	3.79	LISTRATE	\N	FIXED_5Y	4
2938	2025-11-03	2025-03-26	0.20	3.94	LISTRATE	\N	FIXED_7Y	4
2939	2025-11-03	2025-03-26	0.30	4.09	LISTRATE	\N	FIXED_10Y	4
2940	2025-11-03	2025-09-25	-0.20	3.84	LISTRATE	\N	VARIABLE_3M	3
2941	2025-11-03	2025-07-04	-0.25	3.44	LISTRATE	\N	FIXED_1Y	3
2942	2025-11-03	2025-07-04	-0.10	3.39	LISTRATE	\N	FIXED_2Y	3
2943	2025-11-03	2025-07-04	-0.10	3.49	LISTRATE	\N	FIXED_3Y	3
2944	2025-11-03	2025-09-25	-0.05	3.74	LISTRATE	\N	FIXED_5Y	3
2945	2025-11-03	2025-03-18	0.20	3.84	LISTRATE	\N	FIXED_8Y	3
2946	2025-11-03	2025-03-18	0.20	3.94	LISTRATE	\N	FIXED_10Y	3
2947	2025-11-03	2025-09-29	-0.15	3.05	LISTRATE	\N	VARIABLE_3M	5
2948	2025-11-03	2025-07-04	-0.15	3.17	LISTRATE	\N	FIXED_1Y	5
2949	2025-11-03	2025-07-04	-0.10	3.29	LISTRATE	\N	FIXED_2Y	5
2950	2025-11-03	2025-07-04	-0.10	3.39	LISTRATE	\N	FIXED_3Y	5
2951	2025-11-03	2025-07-04	-0.10	3.49	LISTRATE	\N	FIXED_4Y	5
2952	2025-11-03	2025-07-04	-0.10	3.59	LISTRATE	\N	FIXED_5Y	5
2953	2025-11-03	2025-07-04	-0.10	3.83	LISTRATE	\N	FIXED_7Y	5
2954	2025-11-03	2025-04-29	-0.10	4.09	LISTRATE	\N	FIXED_10Y	5
2955	2025-11-03	2025-10-02	-0.20	3.84	LISTRATE	\N	VARIABLE_3M	7
2956	2025-11-03	2025-06-23	-0.10	3.44	LISTRATE	\N	FIXED_1Y	7
2957	2025-11-03	2025-06-23	-0.10	3.39	LISTRATE	\N	FIXED_2Y	7
2958	2025-11-03	2025-06-23	-0.10	3.55	LISTRATE	\N	FIXED_3Y	7
2959	2025-11-03	2025-06-23	-0.05	3.74	LISTRATE	\N	FIXED_4Y	7
2960	2025-11-03	2025-06-23	-0.05	3.79	LISTRATE	\N	FIXED_5Y	7
2961	2025-11-03	2025-03-14	0.30	4.05	LISTRATE	\N	FIXED_7Y	7
2962	2025-11-03	2025-03-14	0.30	4.15	LISTRATE	\N	FIXED_10Y	7
2963	2025-11-03	2025-09-26	-0.15	3.74	LISTRATE	\N	VARIABLE_3M	8
2964	2025-11-03	2025-09-26	-0.05	3.19	LISTRATE	\N	FIXED_1Y	8
2965	2025-11-03	2025-08-22	-0.05	3.21	LISTRATE	\N	FIXED_2Y	8
2966	2025-11-03	2025-09-26	-0.05	3.39	LISTRATE	\N	FIXED_3Y	8
2967	2025-11-03	2025-05-12	-0.20	3.59	LISTRATE	\N	FIXED_4Y	8
2968	2025-11-03	2025-09-26	-0.05	3.59	LISTRATE	\N	FIXED_5Y	8
2969	2025-11-03	2025-05-12	-0.20	3.74	LISTRATE	\N	FIXED_6Y	8
2970	2025-11-03	2025-05-12	-0.20	4.09	LISTRATE	\N	FIXED_10Y	8
2971	2025-11-03	2025-09-30	-0.15	3.45	LISTRATE	\N	VARIABLE_3M	9
2972	2025-11-03	2025-07-03	-0.20	3.68	LISTRATE	\N	FIXED_1Y	9
2973	2025-11-03	2025-07-03	-0.20	3.68	LISTRATE	\N	FIXED_2Y	9
2974	2025-11-03	2025-07-03	-0.15	3.80	LISTRATE	\N	FIXED_3Y	9
2975	2025-11-03	2025-07-03	-0.15	3.99	LISTRATE	\N	FIXED_5Y	9
2976	2025-11-03	2025-10-06	-0.15	3.48	LISTRATE	\N	VARIABLE_3M	12
2977	2025-11-03	2025-10-02	-0.20	3.08	LISTRATE	\N	FIXED_1Y	12
2978	2025-11-03	2025-08-01	0.05	3.42	LISTRATE	\N	FIXED_2Y	12
2979	2025-11-03	2025-08-01	0.10	3.62	LISTRATE	\N	FIXED_3Y	12
2980	2025-11-03	2025-08-01	0.18	3.87	LISTRATE	\N	FIXED_4Y	12
2981	2025-11-03	2025-08-01	0.20	4.12	LISTRATE	\N	FIXED_5Y	12
2982	2025-11-03	2025-08-01	0.20	4.37	LISTRATE	\N	FIXED_7Y	12
2983	2025-11-03	2025-08-01	0.10	4.58	LISTRATE	\N	FIXED_10Y	12
2984	2025-11-03	2025-10-06	-0.20	3.33	LISTRATE	\N	VARIABLE_3M	6
2985	2025-11-03	2025-10-02	-0.20	3.38	LISTRATE	\N	FIXED_1Y	6
2986	2025-11-03	2025-08-04	0.05	3.70	LISTRATE	\N	FIXED_2Y	6
2987	2025-11-03	2025-08-04	0.10	3.90	LISTRATE	\N	FIXED_3Y	6
2988	2025-11-03	2025-08-04	0.18	4.15	LISTRATE	\N	FIXED_4Y	6
2989	2025-11-03	2025-08-04	0.20	4.42	LISTRATE	\N	FIXED_5Y	6
2990	2025-11-03	2025-08-04	0.20	4.61	LISTRATE	\N	FIXED_7Y	6
2991	2025-11-03	2025-08-04	0.10	4.82	LISTRATE	\N	FIXED_10Y	6
2992	2025-11-03	2025-10-03	-0.15	3.85	LISTRATE	\N	VARIABLE_3M	11
2993	2025-11-03	2025-10-03	-0.15	3.45	LISTRATE	\N	FIXED_1Y	11
2994	2025-11-03	2025-05-13	-0.15	3.60	LISTRATE	\N	FIXED_2Y	11
2995	2025-11-03	2025-05-13	-0.15	3.70	LISTRATE	\N	FIXED_3Y	11
2996	2025-11-03	2025-05-13	-0.15	3.70	LISTRATE	\N	FIXED_4Y	11
2997	2025-11-03	2025-05-13	-0.25	3.90	LISTRATE	\N	FIXED_5Y	11
2998	2025-11-03	2025-10-03	0.10	4.05	LISTRATE	\N	FIXED_7Y	11
2999	2025-11-03	2025-10-03	0.10	4.30	LISTRATE	\N	FIXED_10Y	11
3000	2025-11-03	2025-10-01	-0.20	3.04	LISTRATE	\N	VARIABLE_3M	10
3001	2025-11-03	2025-07-02	-0.15	3.19	LISTRATE	\N	FIXED_1Y	10
3002	2025-11-03	2025-10-22	-0.05	3.25	LISTRATE	\N	FIXED_2Y	10
3003	2025-11-03	2025-10-22	-0.05	3.35	LISTRATE	\N	FIXED_3Y	10
3004	2025-11-03	2025-07-02	-0.10	3.50	LISTRATE	\N	FIXED_4Y	10
3005	2025-11-03	2025-07-02	-0.10	3.60	LISTRATE	\N	FIXED_5Y	10
3006	2025-09-01	\N	\N	3.61	AVERAGERATE	\N	FIXED_10Y	1
3007	2025-11-05	\N	\N	3.79	LISTRATE	\N	VARIABLE_3M	1
3008	2025-11-05	\N	\N	3.34	LISTRATE	\N	FIXED_1Y	1
3009	2025-11-05	\N	\N	3.39	LISTRATE	\N	FIXED_2Y	1
3010	2025-11-05	\N	\N	3.49	LISTRATE	\N	FIXED_3Y	1
3011	2025-11-05	\N	\N	3.64	LISTRATE	\N	FIXED_4Y	1
3012	2025-11-05	\N	\N	3.79	LISTRATE	\N	FIXED_5Y	1
3013	2025-11-05	\N	\N	3.99	LISTRATE	\N	FIXED_6Y	1
3014	2025-11-05	\N	\N	3.99	LISTRATE	\N	FIXED_7Y	1
3015	2025-11-05	\N	\N	3.99	LISTRATE	\N	FIXED_8Y	1
3016	2025-11-05	\N	\N	3.99	LISTRATE	\N	FIXED_9Y	1
3017	2025-11-05	\N	\N	3.99	LISTRATE	\N	FIXED_10Y	1
3018	2025-11-05	\N	\N	3.84	LISTRATE	\N	VARIABLE_3M	2
3019	2025-11-05	\N	\N	3.43	LISTRATE	\N	FIXED_1Y	2
3020	2025-11-05	\N	\N	3.38	LISTRATE	\N	FIXED_2Y	2
3021	2025-11-05	\N	\N	3.48	LISTRATE	\N	FIXED_3Y	2
3022	2025-11-05	\N	\N	3.63	LISTRATE	\N	FIXED_4Y	2
3023	2025-11-05	\N	\N	3.78	LISTRATE	\N	FIXED_5Y	2
3024	2025-11-05	\N	\N	3.94	LISTRATE	\N	FIXED_8Y	2
3025	2025-11-05	\N	\N	3.84	LISTRATE	\N	VARIABLE_3M	3
3026	2025-11-05	\N	\N	3.44	LISTRATE	\N	FIXED_1Y	3
3027	2025-11-05	\N	\N	3.39	LISTRATE	\N	FIXED_2Y	3
3028	2025-11-05	\N	\N	3.49	LISTRATE	\N	FIXED_3Y	3
3029	2025-11-05	\N	\N	3.74	LISTRATE	\N	FIXED_5Y	3
3030	2025-11-05	\N	\N	3.84	LISTRATE	\N	FIXED_8Y	3
3031	2025-11-05	\N	\N	3.94	LISTRATE	\N	FIXED_10Y	3
3032	2025-11-05	\N	\N	3.84	LISTRATE	\N	VARIABLE_3M	4
3033	2025-11-05	\N	\N	3.44	LISTRATE	\N	FIXED_1Y	4
3034	2025-11-05	\N	\N	3.39	LISTRATE	\N	FIXED_2Y	4
3035	2025-11-05	\N	\N	3.49	LISTRATE	\N	FIXED_3Y	4
3036	2025-11-05	\N	\N	3.79	LISTRATE	\N	FIXED_5Y	4
3037	2025-11-05	\N	\N	3.94	LISTRATE	\N	FIXED_7Y	4
3038	2025-11-05	\N	\N	4.09	LISTRATE	\N	FIXED_10Y	4
3039	2025-11-05	\N	\N	3.05	LISTRATE	\N	VARIABLE_3M	5
3040	2025-11-05	\N	\N	3.17	LISTRATE	\N	FIXED_1Y	5
3041	2025-11-05	\N	\N	3.29	LISTRATE	\N	FIXED_2Y	5
3042	2025-11-05	\N	\N	3.39	LISTRATE	\N	FIXED_3Y	5
3043	2025-11-05	\N	\N	3.49	LISTRATE	\N	FIXED_4Y	5
3044	2025-11-05	\N	\N	3.59	LISTRATE	\N	FIXED_5Y	5
3045	2025-11-05	\N	\N	3.83	LISTRATE	\N	FIXED_7Y	5
3046	2025-11-05	\N	\N	4.09	LISTRATE	\N	FIXED_10Y	5
3047	2025-10-31	2025-10-31	-0.15	2.69	AVERAGERATE	\N	VARIABLE_3M	5
3048	2025-10-31	2025-10-31	0.02	2.87	AVERAGERATE	\N	FIXED_1Y	5
3049	2025-10-31	2025-10-31	-0.01	2.94	AVERAGERATE	\N	FIXED_2Y	5
3050	2025-10-31	2025-10-31	-0.01	3.00	AVERAGERATE	\N	FIXED_3Y	5
3051	2025-10-31	2025-10-31	0.04	3.08	AVERAGERATE	\N	FIXED_4Y	5
3052	2025-10-31	2025-10-31	-0.02	3.21	AVERAGERATE	\N	FIXED_5Y	5
3053	2025-10-31	\N	\N	3.47	AVERAGERATE	\N	FIXED_7Y	5
3054	2025-10-31	2025-10-31	0.04	3.84	AVERAGERATE	\N	FIXED_10Y	5
3055	2025-11-05	\N	\N	3.33	LISTRATE	\N	VARIABLE_3M	6
3056	2025-11-05	\N	\N	3.38	LISTRATE	\N	FIXED_1Y	6
3057	2025-11-05	\N	\N	3.70	LISTRATE	\N	FIXED_2Y	6
3058	2025-11-05	\N	\N	3.90	LISTRATE	\N	FIXED_3Y	6
3059	2025-11-05	\N	\N	4.15	LISTRATE	\N	FIXED_4Y	6
3060	2025-11-05	\N	\N	4.42	LISTRATE	\N	FIXED_5Y	6
3061	2025-11-05	\N	\N	4.61	LISTRATE	\N	FIXED_7Y	6
3062	2025-11-05	\N	\N	4.82	LISTRATE	\N	FIXED_10Y	6
3063	2025-10-01	2025-10-01	-0.16	2.68	AVERAGERATE	\N	VARIABLE_3M	6
3064	2025-10-01	2025-10-01	-0.26	2.71	AVERAGERATE	\N	FIXED_1Y	6
3065	2025-10-01	2025-10-01	0.14	3.08	AVERAGERATE	\N	FIXED_2Y	6
3066	2025-10-01	2025-10-01	0.04	3.29	AVERAGERATE	\N	FIXED_3Y	6
3067	2025-11-05	\N	\N	3.74	LISTRATE	\N	VARIABLE_3M	8
3068	2025-11-05	\N	\N	3.19	LISTRATE	\N	FIXED_1Y	8
3069	2025-11-05	\N	\N	3.21	LISTRATE	\N	FIXED_2Y	8
3070	2025-11-05	\N	\N	3.39	LISTRATE	\N	FIXED_3Y	8
3071	2025-11-05	\N	\N	3.59	LISTRATE	\N	FIXED_4Y	8
3072	2025-11-05	\N	\N	3.59	LISTRATE	\N	FIXED_5Y	8
3073	2025-11-05	\N	\N	3.74	LISTRATE	\N	FIXED_6Y	8
3074	2025-11-05	\N	\N	4.09	LISTRATE	\N	FIXED_10Y	8
3075	2025-10-01	\N	\N	2.58	AVERAGERATE	\N	VARIABLE_3M	8
3076	2025-10-01	2025-10-01	-0.07	2.80	AVERAGERATE	\N	FIXED_1Y	8
3077	2025-10-01	2025-10-01	-0.01	2.83	AVERAGERATE	\N	FIXED_2Y	8
3078	2025-10-01	2025-10-01	-0.14	2.94	AVERAGERATE	\N	FIXED_3Y	8
3079	2025-10-01	2025-10-01	0.11	3.14	AVERAGERATE	\N	FIXED_5Y	8
3080	2025-10-01	2025-10-01	-0.16	2.51	AVERAGERATE	\N	VARIABLE_3M	9
3081	2025-10-01	2025-10-01	-0.11	2.65	AVERAGERATE	\N	FIXED_1Y	9
3082	2025-10-01	2025-10-01	-0.04	2.65	AVERAGERATE	\N	FIXED_2Y	9
3083	2025-10-01	2025-10-01	-0.03	2.77	AVERAGERATE	\N	FIXED_3Y	9
3084	2025-10-01	2025-10-01	-0.02	2.96	AVERAGERATE	\N	FIXED_5Y	9
3085	2025-11-05	\N	\N	3.45	LISTRATE	\N	VARIABLE_3M	9
3086	2025-11-05	\N	\N	3.68	LISTRATE	\N	FIXED_1Y	9
3087	2025-11-05	\N	\N	3.68	LISTRATE	\N	FIXED_2Y	9
3088	2025-11-05	\N	\N	3.80	LISTRATE	\N	FIXED_3Y	9
3089	2025-11-05	\N	\N	3.99	LISTRATE	\N	FIXED_5Y	9
3090	2025-11-05	\N	\N	3.04	LISTRATE	\N	VARIABLE_3M	10
3091	2025-11-05	\N	\N	3.19	LISTRATE	\N	FIXED_1Y	10
3092	2025-11-05	\N	\N	3.25	LISTRATE	\N	FIXED_2Y	10
3093	2025-11-05	\N	\N	3.35	LISTRATE	\N	FIXED_3Y	10
3094	2025-11-05	\N	\N	3.50	LISTRATE	\N	FIXED_4Y	10
3095	2025-11-05	\N	\N	3.60	LISTRATE	\N	FIXED_5Y	10
3096	2025-10-01	2025-10-01	-0.20	2.55	AVERAGERATE	\N	VARIABLE_3M	10
3097	2025-10-01	\N	\N	2.71	AVERAGERATE	\N	FIXED_1Y	10
3098	2025-10-01	2025-10-01	-0.08	2.76	AVERAGERATE	\N	FIXED_2Y	10
3099	2025-10-01	2025-10-01	-0.02	2.89	AVERAGERATE	\N	FIXED_3Y	10
3100	2025-10-01	2025-10-01	-0.02	3.11	AVERAGERATE	\N	FIXED_5Y	10
3101	2025-11-05	\N	\N	3.85	LISTRATE	\N	VARIABLE_3M	11
3102	2025-11-05	\N	\N	3.45	LISTRATE	\N	FIXED_1Y	11
3103	2025-11-05	\N	\N	3.60	LISTRATE	\N	FIXED_2Y	11
3104	2025-11-05	\N	\N	3.70	LISTRATE	\N	FIXED_3Y	11
3105	2025-11-05	\N	\N	3.70	LISTRATE	\N	FIXED_4Y	11
3106	2025-11-05	\N	\N	3.90	LISTRATE	\N	FIXED_5Y	11
3107	2025-11-05	\N	\N	4.05	LISTRATE	\N	FIXED_7Y	11
3108	2025-11-05	\N	\N	4.30	LISTRATE	\N	FIXED_10Y	11
3109	2025-11-05	\N	\N	3.48	LISTRATE	\N	VARIABLE_3M	12
3110	2025-11-05	\N	\N	3.08	LISTRATE	\N	FIXED_1Y	12
3111	2025-11-05	\N	\N	3.42	LISTRATE	\N	FIXED_2Y	12
3112	2025-11-05	\N	\N	3.62	LISTRATE	\N	FIXED_3Y	12
3113	2025-11-05	\N	\N	3.87	LISTRATE	\N	FIXED_4Y	12
3114	2025-11-05	\N	\N	4.12	LISTRATE	\N	FIXED_5Y	12
3115	2025-11-05	\N	\N	4.37	LISTRATE	\N	FIXED_7Y	12
3116	2025-11-05	\N	\N	4.58	LISTRATE	\N	FIXED_10Y	12
3117	2025-09-01	\N	\N	2.84	AVERAGERATE	\N	VARIABLE_3M	7
3118	2025-09-01	\N	\N	2.70	AVERAGERATE	\N	FIXED_1Y	7
3119	2025-09-01	\N	\N	3.07	AVERAGERATE	\N	FIXED_2Y	7
3120	2025-09-01	\N	\N	3.14	AVERAGERATE	\N	FIXED_3Y	7
3121	2025-09-01	\N	\N	3.31	AVERAGERATE	\N	FIXED_4Y	7
3122	2025-09-01	\N	\N	3.43	AVERAGERATE	\N	FIXED_5Y	7
3123	2025-11-05	\N	\N	3.84	LISTRATE	\N	VARIABLE_3M	7
3124	2025-11-05	\N	\N	3.44	LISTRATE	\N	FIXED_1Y	7
3125	2025-11-05	\N	\N	3.39	LISTRATE	\N	FIXED_2Y	7
3126	2025-11-05	\N	\N	3.55	LISTRATE	\N	FIXED_3Y	7
3127	2025-11-05	\N	\N	3.74	LISTRATE	\N	FIXED_4Y	7
3128	2025-11-05	\N	\N	3.79	LISTRATE	\N	FIXED_5Y	7
3129	2025-11-05	\N	\N	4.05	LISTRATE	\N	FIXED_7Y	7
3130	2025-11-05	\N	\N	4.15	LISTRATE	\N	FIXED_10Y	7
3131	2025-11-05	\N	\N	3.85	LISTRATE	\N	VARIABLE_3M	11
3132	2025-11-05	\N	\N	3.45	LISTRATE	\N	FIXED_1Y	11
3133	2025-11-05	\N	\N	3.60	LISTRATE	\N	FIXED_2Y	11
3134	2025-11-05	\N	\N	3.70	LISTRATE	\N	FIXED_3Y	11
3135	2025-11-05	\N	\N	3.70	LISTRATE	\N	FIXED_4Y	11
3136	2025-11-05	\N	\N	3.90	LISTRATE	\N	FIXED_5Y	11
3137	2025-11-05	\N	\N	4.05	LISTRATE	\N	FIXED_7Y	11
3138	2025-11-05	\N	\N	4.30	LISTRATE	\N	FIXED_10Y	11
3139	2025-09-01	\N	\N	2.65	AVERAGERATE	\N	VARIABLE_3M	1
3140	2025-09-01	\N	\N	2.89	AVERAGERATE	\N	FIXED_2Y	1
3141	2025-09-01	\N	\N	2.91	AVERAGERATE	\N	FIXED_3Y	1
3142	2025-09-01	\N	\N	3.07	AVERAGERATE	\N	FIXED_4Y	1
3143	2025-09-01	\N	\N	3.17	AVERAGERATE	\N	FIXED_5Y	1
3144	2025-09-01	\N	\N	3.28	AVERAGERATE	\N	FIXED_6Y	1
3145	2025-09-01	\N	\N	3.34	AVERAGERATE	\N	FIXED_7Y	1
3146	2025-09-01	\N	\N	3.66	AVERAGERATE	\N	FIXED_8Y	1
3147	2025-09-01	\N	\N	3.60	AVERAGERATE	\N	FIXED_10Y	1
3148	2025-11-07	\N	\N	3.79	LISTRATE	\N	VARIABLE_3M	1
3149	2025-11-07	\N	\N	3.34	LISTRATE	\N	FIXED_1Y	1
3150	2025-11-07	\N	\N	3.39	LISTRATE	\N	FIXED_2Y	1
3151	2025-11-07	\N	\N	3.49	LISTRATE	\N	FIXED_3Y	1
3152	2025-11-07	\N	\N	3.64	LISTRATE	\N	FIXED_4Y	1
3153	2025-11-07	\N	\N	3.79	LISTRATE	\N	FIXED_5Y	1
3154	2025-11-07	\N	\N	3.99	LISTRATE	\N	FIXED_6Y	1
3155	2025-11-07	\N	\N	3.99	LISTRATE	\N	FIXED_7Y	1
3156	2025-11-07	\N	\N	3.99	LISTRATE	\N	FIXED_8Y	1
3157	2025-11-07	\N	\N	3.99	LISTRATE	\N	FIXED_9Y	1
3158	2025-11-07	\N	\N	3.99	LISTRATE	\N	FIXED_10Y	1
3159	2025-11-07	\N	\N	3.84	LISTRATE	\N	VARIABLE_3M	2
3160	2025-11-07	\N	\N	3.43	LISTRATE	\N	FIXED_1Y	2
3161	2025-11-07	\N	\N	3.38	LISTRATE	\N	FIXED_2Y	2
3162	2025-11-07	\N	\N	3.48	LISTRATE	\N	FIXED_3Y	2
3163	2025-11-07	\N	\N	3.63	LISTRATE	\N	FIXED_4Y	2
3164	2025-11-07	\N	\N	3.78	LISTRATE	\N	FIXED_5Y	2
3165	2025-11-07	\N	\N	3.94	LISTRATE	\N	FIXED_8Y	2
3166	2025-11-07	\N	\N	3.84	LISTRATE	\N	VARIABLE_3M	3
3167	2025-11-07	\N	\N	3.44	LISTRATE	\N	FIXED_1Y	3
3168	2025-11-07	\N	\N	3.39	LISTRATE	\N	FIXED_2Y	3
3169	2025-11-07	\N	\N	3.49	LISTRATE	\N	FIXED_3Y	3
3170	2025-11-07	\N	\N	3.74	LISTRATE	\N	FIXED_5Y	3
3171	2025-11-07	\N	\N	3.84	LISTRATE	\N	FIXED_8Y	3
3172	2025-11-07	\N	\N	3.94	LISTRATE	\N	FIXED_10Y	3
3173	2025-11-07	\N	\N	3.84	LISTRATE	\N	VARIABLE_3M	4
3174	2025-11-07	\N	\N	3.44	LISTRATE	\N	FIXED_1Y	4
3175	2025-11-07	\N	\N	3.39	LISTRATE	\N	FIXED_2Y	4
3176	2025-11-07	\N	\N	3.49	LISTRATE	\N	FIXED_3Y	4
3177	2025-11-07	\N	\N	3.79	LISTRATE	\N	FIXED_5Y	4
3178	2025-11-07	\N	\N	3.94	LISTRATE	\N	FIXED_7Y	4
3179	2025-11-07	\N	\N	4.09	LISTRATE	\N	FIXED_10Y	4
3180	2025-11-07	\N	\N	3.05	LISTRATE	\N	VARIABLE_3M	5
3181	2025-11-07	\N	\N	3.17	LISTRATE	\N	FIXED_1Y	5
3182	2025-11-07	\N	\N	3.29	LISTRATE	\N	FIXED_2Y	5
3183	2025-11-07	\N	\N	3.39	LISTRATE	\N	FIXED_3Y	5
3184	2025-11-07	\N	\N	3.49	LISTRATE	\N	FIXED_4Y	5
3185	2025-11-07	\N	\N	3.59	LISTRATE	\N	FIXED_5Y	5
3186	2025-11-07	\N	\N	3.83	LISTRATE	\N	FIXED_7Y	5
3187	2025-11-07	\N	\N	4.09	LISTRATE	\N	FIXED_10Y	5
3188	2025-11-07	\N	\N	3.33	LISTRATE	\N	VARIABLE_3M	6
3189	2025-11-07	\N	\N	3.38	LISTRATE	\N	FIXED_1Y	6
3190	2025-11-07	\N	\N	3.70	LISTRATE	\N	FIXED_2Y	6
3191	2025-11-07	\N	\N	3.90	LISTRATE	\N	FIXED_3Y	6
3192	2025-11-07	\N	\N	4.15	LISTRATE	\N	FIXED_4Y	6
3193	2025-11-07	\N	\N	4.42	LISTRATE	\N	FIXED_5Y	6
3194	2025-11-07	\N	\N	4.61	LISTRATE	\N	FIXED_7Y	6
3195	2025-11-07	\N	\N	4.82	LISTRATE	\N	FIXED_10Y	6
3196	2025-10-01	2025-10-01	-0.14	2.70	AVERAGERATE	\N	VARIABLE_3M	7
3197	2025-10-01	2025-10-01	-0.04	2.66	AVERAGERATE	\N	FIXED_1Y	7
3198	2025-10-01	\N	\N	3.07	AVERAGERATE	\N	FIXED_2Y	7
3199	2025-10-01	2025-10-01	0.02	3.16	AVERAGERATE	\N	FIXED_3Y	7
3200	2025-10-01	\N	\N	3.31	AVERAGERATE	\N	FIXED_4Y	7
3201	2025-10-01	2025-10-01	-0.04	3.39	AVERAGERATE	\N	FIXED_5Y	7
3202	2025-10-01	2025-10-01	-0.05	3.85	AVERAGERATE	\N	FIXED_10Y	7
3203	2025-11-07	\N	\N	3.84	LISTRATE	\N	VARIABLE_3M	7
3204	2025-11-07	\N	\N	3.44	LISTRATE	\N	FIXED_1Y	7
3205	2025-11-07	\N	\N	3.39	LISTRATE	\N	FIXED_2Y	7
3206	2025-11-07	\N	\N	3.55	LISTRATE	\N	FIXED_3Y	7
3207	2025-11-07	\N	\N	3.74	LISTRATE	\N	FIXED_4Y	7
3208	2025-11-07	\N	\N	3.79	LISTRATE	\N	FIXED_5Y	7
3209	2025-11-07	\N	\N	4.05	LISTRATE	\N	FIXED_7Y	7
3210	2025-11-07	\N	\N	4.15	LISTRATE	\N	FIXED_10Y	7
3211	2025-11-07	\N	\N	3.74	LISTRATE	\N	VARIABLE_3M	8
3212	2025-11-07	\N	\N	3.19	LISTRATE	\N	FIXED_1Y	8
3213	2025-11-07	\N	\N	3.21	LISTRATE	\N	FIXED_2Y	8
3214	2025-11-07	\N	\N	3.39	LISTRATE	\N	FIXED_3Y	8
3215	2025-11-07	\N	\N	3.59	LISTRATE	\N	FIXED_4Y	8
3216	2025-11-07	\N	\N	3.59	LISTRATE	\N	FIXED_5Y	8
3217	2025-11-07	\N	\N	3.74	LISTRATE	\N	FIXED_6Y	8
3218	2025-11-07	\N	\N	4.09	LISTRATE	\N	FIXED_10Y	8
3219	2025-11-07	\N	\N	3.45	LISTRATE	\N	VARIABLE_3M	9
3220	2025-11-07	\N	\N	3.68	LISTRATE	\N	FIXED_1Y	9
3221	2025-11-07	\N	\N	3.68	LISTRATE	\N	FIXED_2Y	9
3222	2025-11-07	\N	\N	3.80	LISTRATE	\N	FIXED_3Y	9
3223	2025-11-07	\N	\N	3.99	LISTRATE	\N	FIXED_5Y	9
3224	2025-11-07	\N	\N	3.04	LISTRATE	\N	VARIABLE_3M	10
3225	2025-11-07	\N	\N	3.19	LISTRATE	\N	FIXED_1Y	10
3226	2025-11-07	\N	\N	3.25	LISTRATE	\N	FIXED_2Y	10
3227	2025-11-07	\N	\N	3.35	LISTRATE	\N	FIXED_3Y	10
3228	2025-11-07	\N	\N	3.50	LISTRATE	\N	FIXED_4Y	10
3229	2025-11-07	\N	\N	3.60	LISTRATE	\N	FIXED_5Y	10
3230	2025-11-07	\N	\N	3.85	LISTRATE	\N	VARIABLE_3M	11
3231	2025-11-07	\N	\N	3.45	LISTRATE	\N	FIXED_1Y	11
3232	2025-11-07	\N	\N	3.60	LISTRATE	\N	FIXED_2Y	11
3233	2025-11-07	\N	\N	3.70	LISTRATE	\N	FIXED_3Y	11
3234	2025-11-07	\N	\N	3.70	LISTRATE	\N	FIXED_4Y	11
3235	2025-11-07	\N	\N	3.90	LISTRATE	\N	FIXED_5Y	11
3236	2025-11-07	\N	\N	4.05	LISTRATE	\N	FIXED_7Y	11
3237	2025-11-07	\N	\N	4.30	LISTRATE	\N	FIXED_10Y	11
3238	2025-11-07	\N	\N	3.48	LISTRATE	\N	VARIABLE_3M	12
3239	2025-11-07	\N	\N	3.08	LISTRATE	\N	FIXED_1Y	12
3240	2025-11-07	\N	\N	3.42	LISTRATE	\N	FIXED_2Y	12
3241	2025-11-07	\N	\N	3.62	LISTRATE	\N	FIXED_3Y	12
3242	2025-11-07	\N	\N	3.87	LISTRATE	\N	FIXED_4Y	12
3243	2025-11-07	\N	\N	4.12	LISTRATE	\N	FIXED_5Y	12
3244	2025-11-07	\N	\N	4.37	LISTRATE	\N	FIXED_7Y	12
3245	2025-11-07	\N	\N	4.58	LISTRATE	\N	FIXED_10Y	12
3246	2025-10-01	2025-10-01	-0.07	2.65	AVERAGERATE	\N	VARIABLE_3M	1
3247	2025-10-01	\N	\N	2.74	AVERAGERATE	\N	FIXED_1Y	1
3248	2025-10-01	2025-10-01	-0.02	2.89	AVERAGERATE	\N	FIXED_2Y	1
3249	2025-10-01	2025-10-01	-0.08	2.91	AVERAGERATE	\N	FIXED_3Y	1
3250	2025-10-01	2025-10-01	-0.04	3.07	AVERAGERATE	\N	FIXED_4Y	1
3251	2025-10-01	2025-10-01	-0.07	3.17	AVERAGERATE	\N	FIXED_5Y	1
3252	2025-10-01	2025-10-01	0.04	3.28	AVERAGERATE	\N	FIXED_6Y	1
3253	2025-10-01	2025-10-01	-0.19	3.34	AVERAGERATE	\N	FIXED_7Y	1
3254	2025-10-01	2025-10-01	-0.05	3.66	AVERAGERATE	\N	FIXED_8Y	1
3255	2025-10-01	2025-10-01	-0.29	3.60	AVERAGERATE	\N	FIXED_10Y	1
3256	2025-11-10	\N	\N	3.79	LISTRATE	\N	VARIABLE_3M	1
3257	2025-11-10	\N	\N	3.34	LISTRATE	\N	FIXED_1Y	1
3258	2025-11-10	\N	\N	3.39	LISTRATE	\N	FIXED_2Y	1
3259	2025-11-10	\N	\N	3.49	LISTRATE	\N	FIXED_3Y	1
3260	2025-11-10	\N	\N	3.64	LISTRATE	\N	FIXED_4Y	1
3261	2025-11-10	\N	\N	3.79	LISTRATE	\N	FIXED_5Y	1
3262	2025-11-10	\N	\N	3.99	LISTRATE	\N	FIXED_6Y	1
3263	2025-11-10	\N	\N	3.99	LISTRATE	\N	FIXED_7Y	1
3264	2025-11-10	\N	\N	3.99	LISTRATE	\N	FIXED_8Y	1
3265	2025-11-10	\N	\N	3.99	LISTRATE	\N	FIXED_9Y	1
3266	2025-11-10	\N	\N	3.99	LISTRATE	\N	FIXED_10Y	1
3267	2025-11-10	\N	\N	3.84	LISTRATE	\N	VARIABLE_3M	2
3268	2025-11-10	\N	\N	3.43	LISTRATE	\N	FIXED_1Y	2
3269	2025-11-10	\N	\N	3.38	LISTRATE	\N	FIXED_2Y	2
3270	2025-11-10	\N	\N	3.48	LISTRATE	\N	FIXED_3Y	2
3271	2025-11-10	\N	\N	3.63	LISTRATE	\N	FIXED_4Y	2
3272	2025-11-10	\N	\N	3.78	LISTRATE	\N	FIXED_5Y	2
3273	2025-11-10	\N	\N	3.94	LISTRATE	\N	FIXED_8Y	2
3274	2025-11-10	\N	\N	3.84	LISTRATE	\N	VARIABLE_3M	3
3275	2025-10-01	2025-10-01	-0.15	2.62	AVERAGERATE	\N	VARIABLE_3M	3
3276	2025-11-10	\N	\N	3.44	LISTRATE	\N	FIXED_1Y	3
3277	2025-10-01	2025-10-01	-0.01	2.85	AVERAGERATE	\N	FIXED_1Y	3
3278	2025-11-10	\N	\N	3.39	LISTRATE	\N	FIXED_2Y	3
3279	2025-10-01	\N	\N	2.86	AVERAGERATE	\N	FIXED_2Y	3
3280	2025-11-10	\N	\N	3.49	LISTRATE	\N	FIXED_3Y	3
3281	2025-10-01	2025-10-01	0.01	3.03	AVERAGERATE	\N	FIXED_3Y	3
3282	2025-11-10	\N	\N	3.74	LISTRATE	\N	FIXED_5Y	3
3283	2025-10-01	2025-10-01	0.01	3.24	AVERAGERATE	\N	FIXED_5Y	3
3284	2025-11-10	\N	\N	3.84	LISTRATE	\N	FIXED_8Y	3
3285	2025-10-01	2025-10-01	-0.06	3.55	AVERAGERATE	\N	FIXED_8Y	3
3286	2025-11-10	\N	\N	3.94	LISTRATE	\N	FIXED_10Y	3
3287	2025-10-01	\N	\N	3.79	AVERAGERATE	\N	FIXED_10Y	3
3288	2025-10-01	2025-10-01	-0.03	2.65	AVERAGERATE	\N	VARIABLE_3M	4
3289	2025-10-01	2025-10-01	-0.08	2.84	AVERAGERATE	\N	FIXED_1Y	4
3290	2025-10-01	2025-10-01	-0.09	2.84	AVERAGERATE	\N	FIXED_2Y	4
3291	2025-10-01	2025-10-01	-0.10	2.90	AVERAGERATE	\N	FIXED_3Y	4
3292	2025-10-01	2025-10-01	-0.12	3.07	AVERAGERATE	\N	FIXED_5Y	4
3293	2025-10-01	2025-10-01	-0.13	3.34	AVERAGERATE	\N	FIXED_7Y	4
3294	2025-10-01	2025-10-01	-0.27	3.30	AVERAGERATE	\N	FIXED_10Y	4
3295	2025-11-10	\N	\N	3.84	LISTRATE	\N	VARIABLE_3M	4
3296	2025-11-10	\N	\N	3.44	LISTRATE	\N	FIXED_1Y	4
3297	2025-11-10	\N	\N	3.39	LISTRATE	\N	FIXED_2Y	4
3298	2025-11-10	\N	\N	3.49	LISTRATE	\N	FIXED_3Y	4
3299	2025-11-10	\N	\N	3.79	LISTRATE	\N	FIXED_5Y	4
3300	2025-11-10	\N	\N	3.94	LISTRATE	\N	FIXED_7Y	4
3301	2025-11-10	\N	\N	4.09	LISTRATE	\N	FIXED_10Y	4
3302	2025-11-10	\N	\N	3.05	LISTRATE	\N	VARIABLE_3M	5
3303	2025-11-10	\N	\N	3.17	LISTRATE	\N	FIXED_1Y	5
3304	2025-11-10	\N	\N	3.29	LISTRATE	\N	FIXED_2Y	5
3305	2025-11-10	\N	\N	3.39	LISTRATE	\N	FIXED_3Y	5
3306	2025-11-10	\N	\N	3.49	LISTRATE	\N	FIXED_4Y	5
3307	2025-11-10	\N	\N	3.59	LISTRATE	\N	FIXED_5Y	5
3308	2025-11-10	\N	\N	3.83	LISTRATE	\N	FIXED_7Y	5
3309	2025-11-10	\N	\N	4.09	LISTRATE	\N	FIXED_10Y	5
3310	2025-11-10	\N	\N	3.33	LISTRATE	\N	VARIABLE_3M	6
3311	2025-11-10	\N	\N	3.38	LISTRATE	\N	FIXED_1Y	6
3312	2025-11-10	\N	\N	3.70	LISTRATE	\N	FIXED_2Y	6
3313	2025-11-10	\N	\N	3.90	LISTRATE	\N	FIXED_3Y	6
3314	2025-11-10	\N	\N	4.15	LISTRATE	\N	FIXED_4Y	6
3315	2025-11-10	\N	\N	4.42	LISTRATE	\N	FIXED_5Y	6
3316	2025-11-10	\N	\N	4.61	LISTRATE	\N	FIXED_7Y	6
3317	2025-11-10	\N	\N	4.82	LISTRATE	\N	FIXED_10Y	6
3318	2025-11-10	\N	\N	3.84	LISTRATE	\N	VARIABLE_3M	7
3319	2025-11-10	\N	\N	3.44	LISTRATE	\N	FIXED_1Y	7
3320	2025-11-10	\N	\N	3.39	LISTRATE	\N	FIXED_2Y	7
3321	2025-11-10	\N	\N	3.55	LISTRATE	\N	FIXED_3Y	7
3322	2025-11-10	\N	\N	3.74	LISTRATE	\N	FIXED_4Y	7
3323	2025-11-10	\N	\N	3.79	LISTRATE	\N	FIXED_5Y	7
3324	2025-11-10	\N	\N	4.05	LISTRATE	\N	FIXED_7Y	7
3325	2025-11-10	\N	\N	4.15	LISTRATE	\N	FIXED_10Y	7
3326	2025-11-10	\N	\N	3.74	LISTRATE	\N	VARIABLE_3M	8
3327	2025-11-10	\N	\N	3.19	LISTRATE	\N	FIXED_1Y	8
3328	2025-11-10	\N	\N	3.21	LISTRATE	\N	FIXED_2Y	8
3329	2025-11-10	\N	\N	3.39	LISTRATE	\N	FIXED_3Y	8
3330	2025-11-10	\N	\N	3.59	LISTRATE	\N	FIXED_4Y	8
3331	2025-11-10	\N	\N	3.59	LISTRATE	\N	FIXED_5Y	8
3332	2025-11-10	\N	\N	3.74	LISTRATE	\N	FIXED_6Y	8
3333	2025-11-10	\N	\N	4.09	LISTRATE	\N	FIXED_10Y	8
3334	2025-11-10	\N	\N	3.45	LISTRATE	\N	VARIABLE_3M	9
3335	2025-11-10	\N	\N	3.68	LISTRATE	\N	FIXED_1Y	9
3336	2025-11-10	\N	\N	3.68	LISTRATE	\N	FIXED_2Y	9
3337	2025-11-10	\N	\N	3.80	LISTRATE	\N	FIXED_3Y	9
3338	2025-11-10	\N	\N	3.99	LISTRATE	\N	FIXED_5Y	9
3339	2025-11-10	\N	\N	3.04	LISTRATE	\N	VARIABLE_3M	10
3340	2025-11-10	\N	\N	3.19	LISTRATE	\N	FIXED_1Y	10
3341	2025-11-10	\N	\N	3.25	LISTRATE	\N	FIXED_2Y	10
3342	2025-11-10	\N	\N	3.35	LISTRATE	\N	FIXED_3Y	10
3343	2025-11-10	\N	\N	3.50	LISTRATE	\N	FIXED_4Y	10
3344	2025-11-10	\N	\N	3.60	LISTRATE	\N	FIXED_5Y	10
3345	2025-11-10	\N	\N	3.85	LISTRATE	\N	VARIABLE_3M	11
3346	2025-11-10	\N	\N	3.45	LISTRATE	\N	FIXED_1Y	11
3347	2025-11-10	\N	\N	3.60	LISTRATE	\N	FIXED_2Y	11
3348	2025-11-10	\N	\N	3.70	LISTRATE	\N	FIXED_3Y	11
3349	2025-11-10	\N	\N	3.70	LISTRATE	\N	FIXED_4Y	11
3350	2025-11-10	\N	\N	3.90	LISTRATE	\N	FIXED_5Y	11
3351	2025-11-10	\N	\N	4.05	LISTRATE	\N	FIXED_7Y	11
3352	2025-11-10	\N	\N	4.30	LISTRATE	\N	FIXED_10Y	11
3353	2025-11-10	\N	\N	3.48	LISTRATE	\N	VARIABLE_3M	12
3354	2025-11-10	\N	\N	3.08	LISTRATE	\N	FIXED_1Y	12
3355	2025-11-10	\N	\N	3.42	LISTRATE	\N	FIXED_2Y	12
3356	2025-11-10	\N	\N	3.62	LISTRATE	\N	FIXED_3Y	12
3357	2025-11-10	\N	\N	3.87	LISTRATE	\N	FIXED_4Y	12
3358	2025-11-10	\N	\N	4.12	LISTRATE	\N	FIXED_5Y	12
3359	2025-11-10	\N	\N	4.37	LISTRATE	\N	FIXED_7Y	12
3360	2025-11-10	\N	\N	4.58	LISTRATE	\N	FIXED_10Y	12
\.


--
-- Data for Name: rate_update_log; Type: TABLE DATA; Schema: public; Owner: postgres
--

COPY public.rate_update_log (id, duration_ms, error_message, imported_count, occurred_at, source_name, success, bank_id) FROM stdin;
300	802	\N	8	2025-11-05 14:57:55.045354	ScraperService	t	11
325	747	\N	21	2025-11-10 10:19:00.922782	ScraperService	t	1
326	808	\N	21	2025-11-10 10:19:00.934428	ScraperService	t	1
327	344	\N	7	2025-11-10 10:19:01.284177	ScraperService	t	2
328	350	\N	7	2025-11-10 10:19:01.287187	ScraperService	t	2
329	340	\N	14	2025-11-10 10:19:01.633847	ScraperService	t	3
330	346	\N	14	2025-11-10 10:19:01.638016	ScraperService	t	3
331	8724	\N	14	2025-11-10 10:19:10.36683	ScraperService	t	4
332	8729	\N	14	2025-11-10 10:19:10.369883	ScraperService	t	4
333	438	\N	8	2025-11-10 10:19:10.813028	ScraperService	t	5
334	443	\N	8	2025-11-10 10:19:10.816553	ScraperService	t	5
335	420	\N	8	2025-11-10 10:19:11.24045	ScraperService	t	6
336	425	\N	8	2025-11-10 10:19:11.243664	ScraperService	t	6
337	874	\N	8	2025-11-10 10:19:12.124752	ScraperService	t	7
338	881	\N	8	2025-11-10 10:19:12.12777	ScraperService	t	7
339	741	\N	8	2025-11-10 10:19:12.874674	ScraperService	t	8
340	746	\N	8	2025-11-10 10:19:12.876195	ScraperService	t	8
341	18053	\N	5	2025-11-10 10:19:30.936941	ScraperService	t	9
342	18061	\N	5	2025-11-10 10:19:30.941987	ScraperService	t	9
275	176	\N	12	2025-11-05 12:20:20.950045	ScraperService	t	1
276	180	\N	12	2025-11-05 12:20:20.954136	ScraperService	t	1
277	183	\N	7	2025-11-05 12:20:21.140297	ScraperService	t	2
278	185	\N	7	2025-11-05 12:20:21.141802	ScraperService	t	2
279	151	\N	7	2025-11-05 12:20:21.29477	ScraperService	t	3
280	153	\N	7	2025-11-05 12:20:21.296274	ScraperService	t	3
281	6947	\N	7	2025-11-05 12:20:28.248335	ScraperService	t	4
282	6951	\N	7	2025-11-05 12:20:28.250657	ScraperService	t	4
283	206	\N	16	2025-11-05 12:20:28.460475	ScraperService	t	5
284	210	\N	16	2025-11-05 12:20:28.463476	ScraperService	t	5
285	246	\N	12	2025-11-05 12:20:28.715513	ScraperService	t	6
286	251	\N	12	2025-11-05 12:20:28.718855	ScraperService	t	6
287	5043	Read timed out	0	2025-11-05 12:20:33.766036	ScraperService	f	7
288	5046	Read timed out	0	2025-11-05 12:20:33.768106	ScraperService	f	7
289	517	\N	13	2025-11-05 12:20:34.288607	ScraperService	t	8
290	521	\N	13	2025-11-05 12:20:34.291641	ScraperService	t	8
291	17719	\N	10	2025-11-05 12:20:52.014689	ScraperService	t	9
292	17723	\N	10	2025-11-05 12:20:52.016708	ScraperService	t	9
293	9996	\N	11	2025-11-05 12:21:02.015674	ScraperService	t	10
294	10000	\N	11	2025-11-05 12:21:02.018676	ScraperService	t	10
295	161	\N	8	2025-11-05 12:21:02.182278	ScraperService	t	11
296	163	\N	8	2025-11-05 12:21:02.183788	ScraperService	t	11
297	1128	\N	8	2025-11-05 12:21:03.31797	ScraperService	t	12
298	1136	\N	8	2025-11-05 12:21:03.322971	ScraperService	t	12
299	1786	\N	14	2025-11-05 12:21:37.349425	ScraperService	t	7
301	740	\N	20	2025-11-07 09:00:00.807296	ScraperService	t	1
302	816	\N	20	2025-11-07 09:00:00.821293	ScraperService	t	1
303	899	\N	7	2025-11-07 09:00:01.726741	ScraperService	t	2
304	908	\N	7	2025-11-07 09:00:01.73283	ScraperService	t	2
305	337	\N	7	2025-11-07 09:00:02.081232	ScraperService	t	3
306	345	\N	7	2025-11-07 09:00:02.083241	ScraperService	t	3
307	10597	\N	7	2025-11-07 09:00:12.687628	ScraperService	t	4
308	10605	\N	7	2025-11-07 09:00:12.6907	ScraperService	t	4
309	1357	\N	8	2025-11-07 09:00:14.054611	ScraperService	t	5
310	1364	\N	8	2025-11-07 09:00:14.058617	ScraperService	t	5
311	369	\N	8	2025-11-07 09:00:14.431619	ScraperService	t	6
312	374	\N	8	2025-11-07 09:00:14.435139	ScraperService	t	6
313	678	\N	15	2025-11-07 09:00:15.117412	ScraperService	t	7
314	684	\N	15	2025-11-07 09:00:15.121566	ScraperService	t	7
315	614	\N	8	2025-11-07 09:00:15.742717	ScraperService	t	8
316	622	\N	8	2025-11-07 09:00:15.746367	ScraperService	t	8
317	17995	\N	5	2025-11-07 09:00:33.745478	ScraperService	t	9
318	18000	\N	5	2025-11-07 09:00:33.748594	ScraperService	t	9
319	12833	\N	6	2025-11-07 09:00:46.586178	ScraperService	t	10
320	12837	\N	6	2025-11-07 09:00:46.587687	ScraperService	t	10
321	384	\N	8	2025-11-07 09:00:46.975693	ScraperService	t	11
322	390	\N	8	2025-11-07 09:00:46.979218	ScraperService	t	11
323	1396	\N	8	2025-11-07 09:00:48.378878	ScraperService	t	12
324	1401	\N	8	2025-11-07 09:00:48.381401	ScraperService	t	12
343	9749	\N	6	2025-11-10 10:19:40.694969	ScraperService	t	10
344	9755	\N	6	2025-11-10 10:19:40.699509	ScraperService	t	10
345	603	\N	8	2025-11-10 10:19:41.30522	ScraperService	t	11
346	613	\N	8	2025-11-10 10:19:41.313888	ScraperService	t	11
347	1277	\N	8	2025-11-10 10:19:42.597364	ScraperService	t	12
348	1284	\N	8	2025-11-10 10:19:42.600052	ScraperService	t	12
\.


--
-- Name: banks_id_seq; Type: SEQUENCE SET; Schema: public; Owner: postgres
--

SELECT pg_catalog.setval('public.banks_id_seq', 12, true);


--
-- Name: mortgage_rates_id_seq; Type: SEQUENCE SET; Schema: public; Owner: postgres
--

SELECT pg_catalog.setval('public.mortgage_rates_id_seq', 3360, true);


--
-- Name: rate_update_log_id_seq; Type: SEQUENCE SET; Schema: public; Owner: postgres
--

SELECT pg_catalog.setval('public.rate_update_log_id_seq', 348, true);


--
-- Name: banks banks_pkey; Type: CONSTRAINT; Schema: public; Owner: postgres
--

ALTER TABLE ONLY public.banks
    ADD CONSTRAINT banks_pkey PRIMARY KEY (id);


--
-- Name: mortgage_rates mortgage_rates_pkey; Type: CONSTRAINT; Schema: public; Owner: postgres
--

ALTER TABLE ONLY public.mortgage_rates
    ADD CONSTRAINT mortgage_rates_pkey PRIMARY KEY (id);


--
-- Name: rate_update_log rate_update_log_pkey; Type: CONSTRAINT; Schema: public; Owner: postgres
--

ALTER TABLE ONLY public.rate_update_log
    ADD CONSTRAINT rate_update_log_pkey PRIMARY KEY (id);


--
-- Name: banks ukgfnfs2s5a771weqm28yvb2h5; Type: CONSTRAINT; Schema: public; Owner: postgres
--

ALTER TABLE ONLY public.banks
    ADD CONSTRAINT ukgfnfs2s5a771weqm28yvb2h5 UNIQUE (name);


--
-- Name: rate_update_log fkfrd9029ns62nn8ldc1cg9m6jb; Type: FK CONSTRAINT; Schema: public; Owner: postgres
--

ALTER TABLE ONLY public.rate_update_log
    ADD CONSTRAINT fkfrd9029ns62nn8ldc1cg9m6jb FOREIGN KEY (bank_id) REFERENCES public.banks(id);


--
-- Name: mortgage_rates fktepeejcpd2xa4uglivtmhp6f0; Type: FK CONSTRAINT; Schema: public; Owner: postgres
--

ALTER TABLE ONLY public.mortgage_rates
    ADD CONSTRAINT fktepeejcpd2xa4uglivtmhp6f0 FOREIGN KEY (bank_id) REFERENCES public.banks(id);


--
-- PostgreSQL database dump complete
--

\unrestrict rub2sfUZrqELawhNGEZy1cjkNsJK75IWivFjhYg6ZNgfsqdjqRDHDaODsRT10Ix

